NCTId,Histology,CUI
NCT00317200,Adenocarcinoma,C0001418
NCT00317201,Squamous Cell Carcinoma,C0349656
NCT00317202,Large Cell Neuroendocrine Carcinoma of Lung,C1265996
NCT00317203,Carcinoid Tumor,C0007095
NCT00317204,Adenosquamous Carcinoma,C0206623
NCT01079481,Small Cell Lung Cancer,C0149925
NCT00807573,Non Small Cell Lung Cancer,C0007131
NCT00806286,Non-small Cell Lung Cancer,C0007131
NCT00268970,Non small Cell Lung Cancer,C0007131
NCT00317200,Small Cell Lung Cancer,C0149925
NCT00005646,NULL,
NCT00062010,Small Cell Lung Cancer,C0149925
NCT01057342,Small Cell Lung Cancer,C0149925
NCT00062179,Non Small Cell Lung Cancer,C0007131
NCT00687817,Non Small Cell Lung Cancer,C0007131
NCT01011075,Non-small Cell Lung Cancer,C0007131
NCT00540514,Non Small Cell Lung Cancer,C0007131
NCT00970580,Non Small Cell Lung Cancer,C0007131
NCT00005059,Non-small Cell Lung Cancer,C0007131
NCT00453167,NULL,
NCT00003281,Small Cell Lung Cancer,C0149925
NCT02733250,Non Small Cell Lung Cancer,C0007131
NCT01171170,Non-Small Cell Lung Cancer,C0007131
NCT00753909,Non Small Cell Lung Cancer,C0007131
NCT00004055,NULL,
NCT00062062,Non Small Cell Lung Cancer,C0007131
NCT00832819,Non-small Cell Lung Cancer,C0007131
NCT01310244,Non-Small Cell Lung Cancer,C0007131
NCT00243867,Carboplatin Treatment for Advanced Lung Cancer,
NCT00243867,NULL,
NCT01814163,NULL,
NCT00666692,Non small Cell Lung Cancer,C0007131
NCT01024062,Non Small Cell Lung Cancer,C0007131
NCT02525653,Squamous cell carcinoma,C0349656
NCT00654758,Non Small Cell Lung Cancer,C0007131
NCT01196234,Non-small Cell Lung Cancer,C0007131
NCT01160601,Non Small Cell Lung Cancer,C0007131
NCT00735696,Non-small Cell Lung Cancer,C0007131
NCT01763671,Adenocarcinoma,C0001418
NCT02551432,Small Cell Lung Cancer,C0149925
NCT00005032,Small Cell Lung Cancer,C0149925
NCT00487669,Non small Cell Lung Cancer,C0007131
NCT00003299,NULL,
NCT00077246,NULL,
NCT02730247,Non-small Cell Lung Cancer,C0007131
NCT00278148,NULL,
NCT00004126,Non-small Cell Lung Cancer,C0007131
NCT00005849,Non-small Cell Lung Cancer,C0007131
NCT00583830,Non small Cell Lung Cancer,C0007131
NCT01836679,Non-small Cell Lung Cancer,C0007131
NCT00661193,Non Small Cell Lung Cancer,C0007131
NCT00686322,Non small cell Lung Cancer,C0007131
NCT01199055,Non-small Cell Lung Cancer,C0007131
NCT00752115,Non small Cell Lung Cancer,C0007131
NCT00918203,Non Small Cell Lung Cancer,C0007131
NCT01757288,NULL,
NCT00016315,Non Small Cell Lung Cancer,C0007131
NCT00245154,Non Small Cell Lung Cancer,C0007131
NCT00097227,Non Small Cell Lung Cancer,C0007131
NCT00004924,Non-small Cell Lung Cancer,C0007131
NCT02106546,Squamous Non Small Cell Lung Cancer,C4509816
NCT00795340,Non Small Cell Lung Cancer,C0007131
NCT02503358,Non-small Cell Lung Cancer,C0007131
NCT02279732,Squamous cell carcinoma,C0349656
NCT01285609,Squamous cell carcinoma,C0349656
NCT00986674,Non Small Cell Lung Cancer,C0007131
NCT00723957,Non-small Cell Lung Cancer,C0007131
NCT00006229,Non-small Cell Lung Cancer,C0007131
NCT00866528,Non small Cell Lung Cancer,C0007131
NCT01560104,Non-small Cell Lung Cancer,C0007131
NCT00088556,Non Small Cell Lung Cancer,C0007131
NCT00602797,Non Small Cell Lung Cancer,C0007131
NCT00094835,Non Small Cell Lung Cancer,C0007131
NCT00578149,Non Small Cell Lung Cancer,C0007131
NCT01702844,NULL,
NCT01364012,Non-Small Cell Lung Cancer,C0007131
NCT00533585,Non Small Cell Lung Cancer,C0007131
NCT02038647,Small Cell Lung Cancer,C0149925
NCT00481078,Non Small Cell Lung Cancer,C0007131
NCT01165216,Non-small cell lung cancer,C0007131
NCT00680940,Non Small Cell Lung Cancer,C0007131
NCT02367794,Squamous cell carcinoma,C0349656
NCT02250326,NULL,
NCT00002519,NULL,
NCT00017407,Non Small Cell Lung Cancer,C0007131
NCT00642759,Non Small Cell Lung Cancer,C0007131
NCT00025389,Non Small Cell Lung Cancer,C0007131
NCT02264990,Non-Small Cell Lung Cancer,C0007131
NCT00152477,Lung Cancer,C0242379
NCT00006929,Non-small Cell Lung Cancer,C0007131
NCT00093756,Non Small Cell Lung Cancer,C0007131
NCT00603538,Adenocarcinoma,C0001418
NCT00603538,Squamous cell carcinoma,C0349656
NCT00603538,large cell,C0334248
NCT01236716,Squamous cell carcinoma,C0349656
NCT00347412,NULL,
NCT00073723,NULL,
NCT04672928,Small Cell Lung Cancer,C0149925
NCT00991796,Non small Cell Lung Cancer,C0007131
NCT00408460,Non Small Cell Lung Cancer,C0007131
NCT00343291,Adenocarcinoma,C0001418
NCT00343291,Squamous cell carcinoma,C0349656
NCT00343291,Large Cell,C0334248
NCT00343291,large cell neuroendocrine carcinoma of lung,"C1334363, C0345958"
NCT00343291,Carcinoid Tumor,C0007095
NCT00343291,Adenosquamous carcinoma,C0206623
NCT00343291,spindle cell,C0349656
NCT01519804,Squamous cell carcinoma,C0349656
NCT00708812,Non-small Cell Lung Cancer,C0007131
NCT00318136,Squamous cell carcinoma,C0349656
NCT00002969,Non small Cell Lung Cancer,C0007131
NCT00034541,Non Small Cell Lung Cancer,C0007131
NCT00276588,Non Small Cell Lung Cancer,C0007131
NCT00003387,Non-small Cell Lung Cancer,C0007131
NCT03169335,Squamous cell carcinoma,C0349656
NCT00674102,Non Small Cell Lung Cancer,C0007131
NCT01317615,Large Cell,C0206704
NCT00729612,Non Small Cell Lung Cancer,C0007131
NCT00553462,Non Small Cell Lung Cancer,C0007131
NCT00510445,Non Small Cell Lung Cancer,C0007131
NCT00002972,Lung Cancer,C0242379
NCT00527735,Non Small Cell Lung Cancer,C0007131
NCT00527735,Small Cell Lung Cancer,C0149925
NCT00280150,Non Small Cell Lung Cancer,C0007131
NCT01225302,Non Small Cell Lung Cancer,C0007131
NCT01649947,Non small Cell Lung Cancer,C0007131
NCT02392507,Squamous cell carcinoma,C0349656
NCT00006469,Non Small Cell Lung Cancer,C0007131
NCT01763645,Non Small Cell Lung Cancer,C0007131
NCT00193362,Non Small Cell Lung Cancer,C0007131
NCT02309177,Adenocarcinoma,C0001418
NCT02309177,Non Small Cell Lung Cancer,C0007131
NCT02309177,Recurrent Metastatic Breast Cancer,
NCT02328105,Non-Small Cell Lung Cancer,C0007131
NCT00079287,Non Small Cell Lung Cancer,C0007131
NCT00003117,Non-small Cell Lung Cancer,C0007131
NCT01620190,Non small Cell Lung Cancer,C0007131
NCT01493843,Non-small Cell Lung Cancer,C0007131
NCT00147537,Adenocarcinoma,C0001418
NCT00147537,Squamous cell carcinoma,C0349656
NCT00147537,carcinoma,C0007097
NCT00147537,Large Cell,C0334248
NCT00147537,large cell neuroendocrine carcinoma of lung,"C1334363, C0345958"
NCT00147537,Carcinoid Tumor,C0007095
NCT00147537,Adenosquamous carcinoma,C0206623
NCT00147537,spindle cell,C0349656
NCT00287989,Non Small Cell Lung Cancer,C0007131
NCT00085501,Non Small Cell Lung Cancer,C0007131
NCT00178256,NULL,
NCT00003317,NULL,
NCT00023673,Non Small Cell Lung Cancer,C0007131
NCT00096226,Non Small Cell Lung Cancer,C0007131
NCT00050960,NULL,
NCT00600821,Adenocarcinoma,C0001418
NCT00600821,Squamous cell carcinoma,C0349656
NCT00600821,large cell,C0334248
NCT00653939,Non Small Cell Lung Cancer,C0007131
NCT00974584,Non Small Cell Lung Cancer,C0007131
NCT00368992,Non Small Cell Lung Cancer,C0007131
NCT01820754,Non Small Cell Lung Cancer,C0007131
NCT00226590,NULL,
NCT01069328,Non-small Cell Lung Cancer,C0007131
NCT00387374,NULL,
NCT01540045,NULL,
NCT01234038,NULL,
NCT01769391,Squamous cell carcinoma,C0349656
NCT00716534,Non Small Cell Lung Cancer,C0007131
NCT00874107,Non Small Cell Lung Cancer,C0007131
NCT00457119,Non small cell Lung Cancer,C0007131
NCT00020007,NULL,
NCT01048645,Non-small Cell Lung Cancer,C0007131
NCT03092986,NULL,
NCT00861627,NULL,
NCT00534027,Non Small Cell Lung Cancer,C0007131
NCT00034346,Non Small Cell Lung Cancer,C0007131
NCT00533949,Non Small Cell Lung Cancer,C0007131
NCT02027428,Squamous cell carcinoma,C0349656
NCT03594747,NULL,
NCT00088088,Non Small Cell Lung Cancer,C0007131
NCT00004160,NULL,
NCT00001499,NULL,
NCT00274443,Non-Small Cell Lung Cancer,C0007131
NCT02172846,Non Small Cell Lung Cancer,C0007131
NCT02429843,Non Squamous Cell Lung Cancer,
NCT00948675,NULL,
NCT03296163,Squamous cell carcinoma,C0349656
NCT02367781,Non-Small Cell Lung Cancer,C0007131
NCT00655850,Non-Small Cell Lung Cancer,C0007131
NCT01494558,Non Small Cell Lung Cancer,C0007131
NCT00087802,Non Small Cell Lung Cancer,C0007131
NCT01023347,Non Small Cell Lung Cancer,C0007131
NCT00495170,Non Small Cell Lung Cancer,C0007131
NCT01100931,Non Small Cell Lung Carcinoma,C0007131
NCT00004979,Non-small Cell Lung Cancer,C0007131
NCT00021333,Carcinoma,C0007097
NCT00021333,Lung Cancer,C0242379
NCT02151149,NULL,C0007097
NCT00004011,Non small Cell Lung Cancer,C0007131
NCT00006378,NULL,
NCT00003235,NULL,
NCT00081302,Non Small Cell Lung Cancer,C0007131
NCT04640935,NULL,
NCT00003587,Non-small Cell Lung Cancer,C0007131
NCT02366143,Non-Small Cell Lung Cancer,C0007131
NCT03780010,NULL,
NCT00006484,Non-small Cell Lung Cancer,C0007131
NCT01107626,Non-Squamous Non-Small Cell Lung Cancer,C4324656
NCT02716038,NULL,C0007097
NCT03573947,Non-Small Cell Lung Cancer,C0007131
NCT00913705,Non small cell Lung Cancer,C0007131
NCT01366131,Non-Small Cell Lung Cancer,C0007131
NCT00434135,Non Small Cell Lung Cancer,C0007131
NCT00003158,Non-small Cell Lung Cancer,C0007131
NCT01454102,Non-small Cell Lung Cancer,C0007131
NCT00702975,Non-small Cell Lung Cancer,C0007131
NCT00144053,Non Small Cell Lung Cancer,C0007131
NCT00005065,NULL,
NCT02684461,NULL,
NCT00832494,Non Small Cell Lung Cancer,C0007131
NCT00006012,Small Cell Lung Cancer,C0149925
NCT00113516,Non Small Cell Lung Cancer,C0007131
NCT00071188,Non small Cell Lung Cancer,C0007131
NCT00898417,Non Small Cell Lung Cancer,C0007131
NCT00003881,NULL,
NCT02182232,Non-small cell lung cancer,C0007131
NCT00556088,NULL,
NCT01862081,Non-small Cell Lung Cancer,C0007131
NCT01862081,Breast Cancer,C0006142
NCT00032032,Non Small Cell Lung Cancer,C0007131
NCT03196986,Squamous cell carcinoma,C0349656
NCT03196986,Non-small Cell Lung Cancer,C0007131
NCT00280787,NULL,
NCT01486602,Non Small Cell Lung Cancer,C0007131
NCT00003072,Adenocarcinoma,C0001418
NCT00003072,Non small Cell Lung Cancer,C0007131
NCT00563784,Non Small Cell Lung Cancer,C0007131
NCT01496742,Non-Small Cell Lung Cancer,C0007131
NCT02364999,Non-Squamous NSCLC,C4324656
NCT00800202,Non Small Cell Lung Cancer,C0007131
NCT00998192,Squamous cell carcinoma,C0007137
NCT00003089,Non small Cell Lung Cancer,C0007131
NCT00252798,Non Small Cell Lung Cancer,C0007131
NCT00034164,Non Small Cell Lung Cancer,C0007131
NCT00979212,Non Small Cell Lung Cancer,C0007131
NCT00003812,NULL,
NCT00033696,Small Cell Lung Cancer,C0149925
NCT02944396,Non Small Cell Lung Cancer,C0007131
NCT01085136,Non-small Cell Lung Cancer,C0007131
NCT00480831,Non Small Cell Lung Cancer,C0007131
NCT00874848,Non Small Cell Lung Cancer,C0007131
NCT00005806,NULL,
NCT00043108,Non Small Cell Lung Cancer,C0007131
NCT02303977,Adenocarcinoma,C0001418
NCT00004137,Small Cell Lung Cancer,C0149925
NCT01326767,NULL,
NCT03095209,Non Small Cell Lung Cancer,C0007131
NCT03095209,Esophageal Cancer,C0546837
NCT01051934,Adenocarcinoma,C0001418
NCT02754882,Non squamous Non small Cell Lung Cancer,C4324656
NCT00126581,Non-small Cell Lung Cancer,C0007131
NCT00900172,Non Small Cell Lung Cancer,C0007131
NCT02567799,Non Small Cell Lung Cancer,C0007131
NCT00049790,Non Small Cell Lung Cancer,C0007131
NCT00006004,Non-small Cell Lung Cancer,C0007131
NCT02220894,Non-Small Cell Lung Cancer,C0007131
NCT03850444,Non-Small Cell Lung Cancer,C0007131
NCT03099577,Non small Cell Lung Cancer,C0007131
NCT00033410,Non Small Cell Lung Cancer,C0007131
NCT00762034,Non Small Cell Lung Cancer,C0007131
NCT00193310,NULL,
NCT00040794,Non Small Cell Lung Cancer,C0007131
NCT00476216,Non Small Cell Lung Cancer,C0007131
NCT00033553,NULL,
NCT00004202,Non small Cell Lung Cancer,C0007131
NCT00259675,NULL,
NCT00001450,NULL,
NCT01966003,Non Small Cell Lung Cancer,C0007131
NCT01134250,NULL,
NCT02810457,Non squamous Non small Cell Lung Cancer,C4324656
NCT02591615,Non-Small Cell Lung Cancer,C0007131
NCT00002852,Non-small Cell Lung Cancer,C0007131
NCT00035152,NULL,
NCT00085839,Non small Cell Lung Cancer,C0007131
NCT02073968,Non-small Cell Lung Cancer,C0007131
NCT00003313,NULL,
NCT02289456,NULL,
NCT00025480,Non Small Cell Lung Cancer,C0007131
NCT00915005,Non Small Cell Lung Carcinoma,C0007131
NCT03366480,NULL,
NCT01668108,NULL,
NCT00564733,Non Small Cell Lung Cancer,C0007131
NCT00617409,Squamous cell carcinoma,C0349656
NCT00021060,Adenocarcinoma,C0001418
NCT00021060,Squamous cell carcinoma,C0349656
NCT00021060,carcinoma,C0007097
NCT00021060,Large Cell,C0334248
NCT00021060,large cell neuroendocrine carcinoma of lung,"C1334363, C0345958"
NCT00021060,Carcinoid Tumor,C0007095
NCT00021060,Adenosquamous carcinoma,C0206623
NCT00021060,spindle cell,C0349656
NCT00322452,Adenocarcinoma,C0001418
NCT02470468,Adenocarcinoma,C0001418
NCT02728492,NULL,
NCT02069158,Adenocarcinoma,C0001418
NCT02069158,Squamous cell carcinoma,C0349656
NCT02069158,Carcinoma,C0007097
NCT02069158,Large Cell,C0334248
NCT02069158,large cell neuroendocrine carcinoma of lung,"C1334363, C0345958"
NCT02069158,Carcinoid Tumor,C0007095
NCT02069158,Adenosquamous carcinoma,C0206623
NCT02069158,spindle cell,C0349656
NCT00966914,Adenocarcinoma,C0001418
NCT00074854,NULL,
NCT01840579,Non-small Cell Lung Cancer,C0007131
NCT01840579,Small Cell Lung Cancer,C0149925
NCT00828841,Non-Small Cell Lung Cancer,C0007131
NCT02799862,Non-Small Cell Lung Cancer,C0007131
NCT00828009,Non Small Cell Lung Cancer,C0007131
NCT00091039,Non Small Cell Lung Cancer,C0007131
NCT00550537,Non Small Cell Lung Cancer,C0007131
NCT00107250,Adenocarcinoma,C0001418
NCT00107250,carcinoma,C0007097
NCT00174356,Adenocarcinoma,C0001418
NCT00174356,Squamous cell carcinoma,C0349656
NCT00174356,Large Cell,C0334248
NCT00174356,large cell neuroendocrine carcinoma of lung,"C1334363, C0345958"
NCT00174356,Carcinoid Tumor,C0007095
NCT00174356,Adenosquamous carcinoma,C0206623
NCT00174356,spindle cell,C0349656
NCT00191256,Non Small Cell Lung Cancer,C0007131
NCT03128008,NULL,
NCT00047736,NULL,
NCT00756847,NULL,
NCT03329911,Non-Squamous Non-Small Cell Lung Cancer,C4324656
NCT01850303,Non small Cell Lung Cancer,C0007131
NCT00094861,Non Small Cell Lung Cancer,C0007131
NCT00003589,Non-small Cell Lung Cancer,C0007131
NCT00315185,Adenocarcinoma,C0001418
NCT00315185,Squamous cell carcinoma,C0349656
NCT00315185,carcinoma,C0007097
NCT00315185,Large Cell,C0334248
NCT00315185,large cell neuroendocrine carcinoma of lung,"C1334363, C0345958"
NCT00315185,Carcinoid Tumor,C0007095
NCT00315185,Adenosquamous carcinoma,C0206623
NCT00315185,spindle cell,C0349656
NCT00070629,Non Small Cell Lung Cancer,C0007131
NCT01770795,Non-small cell lung cancer,C0007131
NCT00738452,Non Small Cell Lung Cancer,C0007131
NCT05169801,NULL,
NCT00112294,Non Small Cell Lung Cancer,C0007131
NCT00298415,Non Small Cell Lung Cancer,C0007131
NCT02720614,Non small Cell Lung Cancer,C0007131
NCT02066103,NULL,
NCT00199758,NULL,
NCT00003569,NULL,
NCT01099124,Non Small Cell Lung Cancer,C0007131
NCT00005838,Non-small Cell Lung Cancer,C0007131
NCT02041533,Non Small Cell Lung Cancer,C0007131
NCT00249964,NULL,
NCT00508625,Non Small Cell Lung Cancer,C0007131
NCT00492206,Non-Small Cell Lung Carcinoma,C0007131
NCT02492867,Non Small Cell Lung Cancer,C0007131
NCT00198367,Non Small Cell Lung Cancer,C0007131
NCT02039674,Non-small Cell Lung Cancer,C0007131
NCT00198354,NULL,
NCT03840915,Non-small Cell Lung Cancer,C0007131
NCT00003943,NULL,
NCT00028938,NULL,
NCT03351361,Non-Small Cell Lung Cancer,C0007131
NCT01066234,Adenocarcinoma,C0001418
NCT01783197,Adenocarcinoma,C0001418
NCT01783197,Squamous cell carcinoma,C0349656
NCT01783197,Large Cell,C0334248
NCT01783197,large cell neuroendocrine carcinoma of lung,"C1334363, C0345958"
NCT01783197,Carcinoid Tumor,C0007095
NCT01783197,Adenosquamous carcinoma,C0206623
NCT01783197,spindle cell,C0349656
NCT02142738,Non Small Cell Lung Cancer,C0007131
NCT01868022,NULL,
NCT02193633,NULL,
NCT01831089,NULL,
NCT00117442,NULL,
NCT01404260,Non Small Cell Lung Cancer,C0007131
NCT00686959,Non Small Cell Lung Cancer,C0007131
NCT02273713,Carcinoma,C0007097
NCT00271505,Non Small Cell Lung Cancer,C0007131
NCT03322566,Non Small Cell Lung Cancer,C0007131
NCT00294762,Non-Small Cell Lung Cancer,C0007131
NCT04144608,Non-small Cell Lung Cancer,C0007131
NCT00700180,Non-Small Cell Lung Cancer,C0007131
NCT00770588,Non Small Cell Lung Cancer,C0007131
NCT01836575,Non-small cell lung cancer,C0007131
NCT01892046,NULL,
NCT00667641,NULL,
NCT00546156,Adenocarcinoma,C0001418
NCT04633564,Non-small cell lung cancer,C0007131
NCT01209520,Non Small Cell Lung Cancer,C0007131
NCT03345810,Non-Small Cell Lung Cancer,C0007131
NCT02064491,Adenocarcinoma,C0001418
NCT02426281,Adenocarcinoma,C0001418
NCT00313599,Adenocarcinoma,C0001418
NCT00078390,NULL,
NCT00101920,Non Small Cell Lung Cancer,C0007131
NCT00667147,NULL,
NCT00019019,Adenocarcinoma,C0001418
NCT00019019,Squamous cell carcinoma,C0349656
NCT00019019,Carcinoma,C0007097
NCT00019019,Large Cell,C0334248
NCT00019019,large cell neuroendocrine carcinoma of lung,"C1334363, C0345958"
NCT00019019,Carcinoid Tumor,C0007095
NCT00019019,Adenosquamous carcinoma,C0206623
NCT00019019,spindle cell,C0349656
NCT01263886,Non-small Cell Lung Cancer,C0007131
NCT03432598,Lung Cancer,C0242379
NCT02659059,Non Small Cell Lung Cancer,C0007131
NCT00216125,Non Small Cell Lung Cancer,C0007131
NCT00078845,NULL,
NCT01243775,Non-Small Cell Lung Cancer,C0007131
NCT05427305,Non-small Cell Lung Cancer,C0007131
NCT01026467,Non Small Cell Lung Cancer,C0007131
NCT00003111,NULL,
NCT00466466,Adenocarcinoma,C0001418
NCT00466466,Squamous cell carcinoma,C0349656
NCT00466466,Carcinoma,C0007097
NCT00466466,Large Cell,C0334248
NCT00466466,large cell neuroendocrine carcinoma of lung,"C1334363, C0345958"
NCT00466466,Carcinoid Tumor,C0007095
NCT00466466,Adenosquamous carcinoma,C0206623
NCT00466466,spindle cell,C0349656
NCT02574078,Non Small Cell Lung Cancer,C0007131
NCT01216111,NULL,
NCT02489903,Adenocarcinoma,C0001418
NCT02489903,NULL,
NCT03986463,NULL,
NCT00028535,NULL,
NCT00531960,Non Small Cell Lung Cancer,C0007131
NCT02033551,NULL,
NCT00003159,Non small Cell Lung Cancer,C0007131
NCT02071862,NULL,
NCT01957007,Non-Small Cell Lung Cancer,C0007131
NCT00820755,Non-small Cell Lung Cancer,C0007131
NCT02881125,Small Cell Carcinoma,C0262584
NCT00312728,Non-Squamous NSCLC,C4324656
NCT02805530,Non Small Cell Lung Carcinoma,C0007131
NCT04237090,NULL,
NCT00309959,NULL,
NCT02716311,Adenocarcinoma,C0001418
NCT01999985,Non small Cell Lung Cancer,C0007131
NCT02629523,NULL,
NCT02440854,Non-Small Cell Lung Cancer,C0007131
NCT02747953,Non Small Cell Lung Cancer,C0007131
NCT02364609,Non small Cell Lung Cancer,C0007131
NCT04640870,Non small Cell Lung Cancer,C0007131
NCT01415011,Adenocarcinoma,C0001418
NCT01156545,Non adenocarcinomatous NSCLC,
NCT01647711,Non-small Cell Lung Cancer,C0007131
NCT02208843,NULL,
NCT01953913,Non Small Cell Lung Cancer,C0007131
NCT04552535,Squamous cell carcinoma,C0349656
NCT02191891,Non small Cell Lung Cancer,C0007131
NCT02044380,Non Small Cell Lung Cancer,C0007131
NCT02625168,Adenocarcinoma,C0001418
NCT01090011,Non Small Cell Lung Cancer,C0007131
NCT01523587,Squamous cell carcinoma,C0349656
NCT00796549,Non Small Cell Lung Cancer,C0007131
NCT00711594,Non Small Cell Lung Cancer,C0007131
NCT00993499,Non-small Cell Lung Cancer,C0007131
NCT00656136,Non-small Cell Lung Cancer,C0007131
NCT04179890,Non-small Cell Lung Cancer,C0007131
NCT04750824,Squamous cell carcinoma,C0349656
NCT02145637,Non Small Cell Lung Cancer,C0007131
NCT03370770,NULL,
NCT03157089,Squamous cell carcinoma,C0349656
NCT01074177,NULL,
NCT01121393,Non-small Cell Lung Cancer,C0007131
NCT00525148,Non-Small Cell Lung Cancer,C0007131
NCT01466660,Adenocarcinoma,C0001418
NCT02514174,Non-Small Cell Lung Carcinoma,C0007131
NCT02285361,Non-Small Cell Lung Carcinoma,C0007131
NCT01880515,NULL,
NCT02047903,Adenocarcinoma,C0001418
NCT02131259,NULL,
NCT02795156,NULL,
NCT02369484,Adenocarcinoma,C0001418
NCT02020577,NULL,
NCT02506517,NULL,
NCT01783587,Head and Neck Cancer,
NCT01169675,NULL,
NCT05204758,NULL,
NCT00949650,Non-Small Cell Lung Cancer,C0007131
NCT04201756,Adenocarcinoma,C0001418
NCT04031898,Adenocarcinoma,C0001418
NCT02975752,NULL,
NCT02847377,NULL,
NCT01871805,Non Small Cell Lung Cancer,C0007131
NCT03271554,Non Small Cell Lung Cancer,C0007131
NCT01801111,Non Small Cell Lung Cancer,C0007131
NCT02604342,Non Small Cell Lung Cancer,C0007131
NCT02013219,Non Small Cell Lung Cancer,C0007131
NCT03155009,Non Small Cell Lung Cancer,C0007131
NCT03779191,Adenocarcinoma,C0001418
NCT02450903,Adenocarcinoma,C0001418
NCT04351334,Non small Cell Lung Cancer,C0007131
NCT04979988,Non-Small Cell Lung Cancer,C0007131
NCT04997382,NULL,
NCT04647110,Adenocarcinoma,C0001418
NCT00891579,Non Small Cell Lung Cancer,C0007131
NCT00111839,Adenocarcinoma,C0001418
NCT00216203,Non Small Cell Lung Cancer,C0007131
NCT00528281,Non Small Cell Lung Cancer,C0007131
NCT00370292,Non Small Cell Lung Cancer,C0007131
NCT03366064,Non Small Cell Lung Cancer,C0007131
NCT02426658,Non-small Cell Lung Cancer,C0007131
NCT00227565,Small Cell Lung Cancer,C0149925
NCT01700400,NULL,
NCT00234052,Non Small Cell Lung Cancer,C0007131
NCT00268489,Non Small Cell Lung Cancer,C0007131
NCT00434174,NULL,
NCT00226577,Non Small Cell Lung Cancer,C0007131
NCT00744900,Non-small Cell Lung Cancer,C0007131
NCT00022646,Non Small Cell Lung Cancer,C0007131
NCT00095199,Non Small Cell Lung Cancer,C0007131
NCT00191191,Non-small Cell Lung Cancer,C0007131
NCT00372788,Non-small Cell Lung Cancer,C0007131
NCT00529100,Non Small Cell Lung Cancer,C0007131
NCT01126736,Non Small Cell Lung Cancer,C0007131
NCT00741221,Non Small Cell Lung Cancer,C0007131
NCT00871403,Non-small Cell Lung Cancer,C0007131
NCT00350792,Non Small Cell Lung Cancer,C0007131
NCT00982111,Non Small Cell Lung Cancer,C0007131
NCT00301808,Non Small Cell Lung Cancer,C0007131
NCT00387322,Non Small Cell Lung Cancer,C0007131
NCT01837329,Non-small Cell Lung Cancer,C0007131
NCT00942825,Non Small Cell Lung Cancer,C0007131
NCT00191308,NULL,
NCT01000480,Non Small Cell Lung Cancer,C0007131
NCT00530621,Lung Cancer,C0242379
NCT00660816,Non Small Cell Lung Cancer,C0007131
NCT00454194,Non Small Cell Lung Cancer,C0007131
NCT00407550,Non Small Cell Lung Cancer,C0007131
NCT00117962,Non Small Cell Lung Cancer,C0007131
NCT00614822,Non Small Cell Lung Cancer,C0007131
NCT00988858,Non small Cell Lung Cancer,C0007131
NCT00906282,Non-Small Cell Lung Cancer,C0007131
NCT00497315,Adenocarcinoma,C0001418
NCT00497315,Squamous cell carcinoma,C0349656
NCT00497315,Large Cell,C0334248
NCT00497315,large cell neuroendocrine carcinoma of lung,"C1334363, C0345958"
NCT00410904,Non Small Cell Lung Cancer,C0007131
NCT00191750,Small Cell Lung Cancer,C0149925
NCT01784640,Non Small Cell Lung Cancer,C0007131
NCT02259582,Non-Squamous Non-Small Cell Lung Cancer,C4324656
NCT00440414,Non Small Cell Lung Cancer,C0007131
NCT00363415,NULL,
NCT01723800,Non Small Cell Lung Cancer,C0007131
NCT01189968,Non-Squamous Non-Small Cell Lung Cancer,C4324656
NCT00380718,Non Small Cell Lung Cancer,C0007131
NCT00550173,Non-Small Cell Lung Cancer,C0007131
NCT00482014,Non Small Cell Lung Cancer,C0007131
NCT01020786,Non squamous Non Small Cell Lung Cancer,C4324656
NCT00508144,Non small Cell Lung Cancer,C0007131
NCT00976456,Non-small Cell Lung Cancer,C0007131
NCT00269152,NULL,
NCT00798603,Non Small Cell Lung Cancer,C0007131
NCT00698815,Non-small Cell Lung Cancer,C0007131
NCT01473563,Adenocarcinoma,C0001418
NCT01139775,Non Small Cell Lung Cancer,C0007131
NCT00248495,Non Small Cell Lung Cancer,C0007131
NCT02185690,Non squamous Carcinoma,
NCT00745875,Non Small Cell Lung Cancer,C0007131
NCT00497770,Non Small Cell Lung Cancer,C0007131
NCT00606021,Non-Squamous Non Small Cell Lung Cancer,C4324656
NCT01442909,NULL,
NCT03366766,Non-small Cell Lung Cancer,C0007131
NCT00799240,Non Squamous Lung Cancer,
NCT00517595,NULL,
NCT02657434,Non-Small Cell Lung Cancer,C0007131
NCT00749346,Non-small Cell Lung Cancer,C0007131
NCT00771953,Non Small Cell Lung Cancer,C0007131
NCT00193414,Non Small Cell Lung Cancer,C0007131
NCT01232452,Non Small Cell Lung Cancer,C0007131
NCT00789373,Non Small Cell Lung Cancer,C0007131
NCT00391274,Non Small Cell Lung Cancer,C0007131
NCT01116219,Non Small Cell Lung Cancer,C0007131
NCT00533429,Non Small Cell Lung Cancer,C0007131
NCT00520676,Non Small Cell Lung Cancer,C0007131
NCT00061451,NULL,
NCT00078260,Adenocarcinoma,C0001418
NCT00102804,Non Small Cell Lung Cancer,C0007131
NCT00297089,Non Small Cell Lung Cancer,C0007131
NCT00389805,Non Small Cell Lung Cancer,C0007131
NCT01323062,Non-Small Cell Lung Cancer,C0007131
NCT01204307,Non-Squamous Non Small Cell Lung Cancer,C4324656
NCT01165021,Adenocarcinoma,C0001418
NCT00867009,Non Small Cell Lung Cancer,C0007131
NCT01705184,NULL,
NCT00409006,NULL,
NCT00961415,Non-Squamous Non Small Cell Lung Cancer,C4324656
NCT01344824,Non Small Cell Lung Cancer,C0007131
NCT00932893,Non Small Cell Lung Cancer,C0007131
NCT00308750,Non Small Cell Lung Cancer,C0007131
NCT00950365,Non-Small Cell Lung Cancer,C0007131
NCT02409342,Non Small Cell Lung Cancer,C0007131
NCT00609518,Non-Small Cell Lung Cancer,C0007131
NCT01042288,Non-Squamous,
NCT00898820,Non Small Cell Lung Cancer,C0007131
NCT02578680,Non small Cell Lung Cancer,C0007131
NCT00343720,NULL,
NCT03950674,Non small Cell Lung Cancer,C0007131
NCT00418886,Adenocarcinoma,C0001418
NCT01783834,Non-Small Cell Lung Cancer,C0007131
NCT00316225,NULL,
NCT04012619,Non-small cell lung cancer,C0007131
NCT01664754,Non Small Cell Lung Cancer,C0007131
NCT01017874,Non Small Cell Lung Cancer,C0007131
NCT01639001,Non Small Cell Lung Cancer,C0007131
NCT00330044,Non Small Cell Lung Cancer,C0007131
NCT00087711,Non Small Cell Lung Cancer,C0007131
NCT00402051,Non Small Cell Lung Cancer,C0007131
NCT00506051,NULL,
NCT03256136,Adenocarcinoma,C0001418
NCT00071136,Non Small Cell Lung Cancer,C0007131
NCT02309892,Non-Squamous NSCLC,C4324656
NCT03101579,Non small Cell Lung Cancer,C0007131
NCT01005680,Non Small Cell Lung Cancer,C0007131
NCT01531790,Non Small Cell Lung Cancer,C0007131
NCT01004601,Non Small Cell Lung Cancer,C0007131
NCT01194453,Adenocarcinoma,C0001418
NCT01194453,Squamous cell carcinoma,C0349656
NCT01194453,large cell,C0334248
NCT01829113,Non Squamous Non Small Cell Lung Cancer,C4324656
NCT00887549,Non Small Cell Lung Cancer,C0007131
NCT03526900,NULL,
NCT00768755,NULL,
NCT01631136,NULL,
NCT00940069,NULL,
NCT01193959,Non small Cell Lung Cancer,C0007131
NCT00349089,NULL,
NCT00994097,Non small Cell Lung Cancer,C0007131
NCT02337530,Non-Squamous NSCLC,C4324656
NCT00684099,Non Small Cell Lung Cancer,C0007131
NCT00227019,NULL,
NCT01666977,Non Small Cell Lung Cancer,C0007131
NCT02535325,Non-small Cell Lung Cancer,C0007131
NCT00190840,Non Small Cell Lung Cancer,C0007131
NCT01469000,Non Small Cell Lung Cancer,C0007131
NCT00227539,NULL,
NCT00456261,Non-Small Cell Lung Cancer,C0007131
NCT00540241,Non-Small Cell Lung Carcinoma,C0007131
NCT00892710,NULL,
NCT00408226,Non Small Cell Lung Cancer,C0007131
NCT01664533,Non-small Cell Lung Cancer,C0007131
NCT00061464,NULL,
NCT00489983,Adenocarcinoma,C0001418
NCT00489983,Squamous cell carcinoma,C0349656
NCT00489983,carcinoma,C0007097
NCT00489983,Large Cell,C0334248
NCT00489983,large cell neuroendocrine carcinoma of lung,"C1334363, C0345958"
NCT00489983,Carcinoid Tumor,C0007095
NCT00489983,Adenosquamous carcinoma,C0206623
NCT00489983,spindle cell,C0349656
NCT04843007,NULL,
NCT03655834,NULL,
NCT00051493,Non Small Cell Lung Cancer,C0007131
NCT00103831,Non Small Cell Lung Cancer,C0007131
NCT02182102,Non Small Cell Lung Cancer,C0007131
NCT01154140,Non Squamous Cancer,
NCT00614965,Adenocarcinoma,C0001418
NCT00614965,Squamous cell carcinoma,C0349656
NCT00614965,large cell,C0334248
NCT01565538,Adenocarcinoma,C0001418
NCT01185847,Non Small Cell Lung Cancer,C0007131
NCT02211833,Non-small cell lung cancer,C0007131
NCT03607149,NULL,
NCT01336842,NULL,
NCT03664024,Non Small Cell Lung Cancer,C0007131
NCT03663205,Non-Squamous NSCLC,C4324656
NCT01588704,Adenocarcinoma,C0001418
NCT01443078,Non small Cell Lung Cancer,C0007131
NCT03472053,Non Small Cell Lung Cancer,C0007131
NCT00556322,Non Small Cell Lung Cancer,C0007131
NCT01296113,NULL,
NCT02964689,NULL,
NCT01263782,Non Small Cell Lung Cancer,C0007131
NCT00447057,Non Small Cell Lung Cancer,C0007131
NCT01708993,Non Small Cell Lung Cancer,C0007131
NCT00251524,Non-Squamous NSCLC,C4324656
NCT01160744,Non Small Cell Lung Cancer,C0007131
NCT01102231,Non small Cell Lung Cancer,C0007131
NCT02639091,Adenocarcinoma,C0001418
NCT00284778,NULL,
NCT01544179,NULL,
NCT01781988,NULL,
NCT00095225,Adenocarcinoma,C0001418
NCT00095225,Squamous cell carcinoma,C0349656
NCT00095225,large cell,C0334248
NCT00095225,large cell neuroendocrine carcinoma of lung,"C1334363, C0345958"
NCT00095225,Carcinoid Tumor,C0007095
NCT00095225,Adenosquamous carcinoma,C0206623
NCT00095225,spindle cell,C0349656
NCT01395758,Non Small Cell Lung Cancer,C0007131
NCT01004250,Non Small Cell Cancer,
NCT00051506,Small Cell Lung Cancer,C0149925
NCT03607539,Non squamous NSCLC,C4324656
NCT00835471,Non Small Cell Lung Cancer,C0007131
NCT04507217,Non squamous NSCLC,C4324656
NCT02439450,Non Small Cell Lung Cancer,C0007131
NCT03537833,NULL,
NCT02603003,Non-Small Cell Lung Carcinoma,C0007131
NCT01958372,Non Small Cell Lung Cancer,C0007131
NCT02900742,Non Small Cell Lung Cancer,C0007131
NCT01059552,Non Small Cell Lung Cancer,C0007131
NCT00577707,Non-Small Cell Lung Cancer,C0007131
NCT03380871,Adenocarcinoma,C0001418
NCT03380871,Squamous cell carcinoma,C0349656
NCT03380871,Large Cell,C0334248
NCT03380871,large cell neuroendocrine carcinoma of lung,"C1334363, C0345958"
NCT03380871,Carcinoid Tumor,C0007095
NCT03380871,Adenosquamous carcinoma,C0206623
NCT03380871,spindle cell,C0349656
NCT03513666,NULL,
NCT00703976,Squamous cell carcinoma,C0349656
NCT00743379,NULL,
NCT00619424,NULL,
NCT03134872,Non-squamous NSCLC,C4324656
NCT02864251,Non Small Cell Lung Cancer,C0007131
NCT01351415,Non-small Cell Lung Cancer,C0007131
NCT01257139,Non Small cell Lung Cancer,
NCT02679443,Non-Small Cell Lung Cancer,C0007131
NCT00034606,NULL,
NCT00824408,NULL,
NCT01063283,Non squamous NSCLC,C4324656
NCT00560573,NULL,
NCT01769066,NULL,
NCT05908799,NULL,
NCT00806819,Adenocarcinoma,C0001418
NCT01809210,Non-small Cell Lung Cancer,C0007131
NCT02498860,Adenocarcinoma,C0001418
NCT04452214,NULL,
NCT01454934,NULL,
NCT02347917,NULL,
NCT03544814,NULL,
NCT00528619,NULL,
NCT02049060,NULL,
NCT01982955,Non-Small Cell Lung Cancer,C0007131
NCT03083808,Non-Small Cell Lung Cancer,C0007131
NCT02129699,NULL,
NCT02120807,Adenocarcinoma,C0001418
NCT00315861,NULL,
NCT02723578,NULL,
NCT01590160,NULL,
NCT03507244,NULL,
NCT02079636,Non-Small Cell Lung Cancer,C0007131
NCT01172028,Adenocarcinoma,C0001418
NCT01172028,Squamous cell carcinoma,C0349656
NCT01172028,Carcinoma,C0007097
NCT01172028,carcinoma,C0007097
NCT01172028,Large Cell,C0334248
NCT01172028,large cell,C0334248
NCT01172028,large cell neuroendocrine carcinoma of lung,"C1334363, C0345958"
NCT01172028,Carcinoid Tumor,C0007095
NCT01172028,Adenosquamous carcinoma,C0206623
NCT01172028,spindle cell,C0349656
NCT00916630,NULL,
NCT01719536,Adenocarcinoma,C0001418
NCT01490437,Urothelial Carcinoma,C2145472
NCT02148380,NULL,
NCT01003964,Non-small Cell Lung Cancer,C0007131
NCT01655225,NULL,
NCT03562871,Non-Small Cell Lung Cancer,C0007131
NCT00860015,NULL,
NCT00775385,Non-Small Cell Lung Carcinoma,C0007131
NCT01067794,NULL,
NCT03353675,Non-Small Cell Lung Cancer,C0007131
NCT02045446,Non Small Cell Lung Cancer,C0007131
NCT03304093,NULL,
NCT00703638,NULL,
NCT02980991,Adenocarcinoma,C0001418
NCT01951586,Non-small Cell Lung Cancer,C0007131
NCT00005636,Malignant Mesothelioma,C0345967
NCT02308020,Adenocarcinoma,C0001418
NCT02308020,Non small Cell Lung Cancer,C0007131
NCT02308020,Melanoma,C0025202
NCT03922997,Non Small Cell Lung Cancer,C0007131
NCT02848651,Non Small Cell Lung Cancer,C0007131
NCT02008227,Non Small Cell Lung Cancer,C0007131
NCT02031458,Non Small Cell Lung Cancer,C0007131
NCT01903993,Non Small Cell Lung Cancer,C0007131
NCT04636762,Small Cell Lung Cancer,C0149925
NCT03014648,Non small Cell Lung Cancer,C0007131
NCT03559647,Non Small Cell Lung Cancer,C0007131
NCT01846416,Non Small Cell Lung Cancer,C0007131
NCT02994576,Non-small Cell Lung Cancer,C0007131
NCT03801304,Non small Cell Lung Cancer,C0007131
NCT02763579,Small Cell Lung Cancer,C0149925
NCT03438318,Non Small Cell Lung Cancer,C0007131
NCT05055999,Small Cell Lung Cancer,C0149925
NCT05055908,Small Cell Lung Cancer,C0149925
NCT05055947,Small Cell Lung Cancer,C0149925
NCT04028050,Small Cell Lung Cancer,C0149925
NCT03023423,Non Small Cell Lung Cancer,C0007131
NCT02463994,Non-Small Cell Lung Cancer,C0007131
NCT04059887,NULL,
NCT03645330,Non-Small Cell Lung Cancer,C0007131
NCT04426825,Adenocarcinoma,C0001418
NCT03059667,NULL,
NCT03285763,Non small Cell Lung Cancer,C0007131
NCT04920981,Small Cell Lung Cancer,C0149925
NCT02813785,Non Small Cell Lung Cancer,C0007131
NCT06049966,Large Cell Neuroendocrine Carcinoma,C1265996
NCT03321695,Non Small Cell Lung Cancer,C0007131
NCT03790397,Non Small Cell Lung Cancer,C0007131
NCT03911219,Non-Small Cell Lung Cancer,C0007131
NCT03911219,Small Cell Lung Cancer,C0149925
NCT03911219,Triple-Negative Breast Cancer,C4722518
NCT02825940,NULL,
NCT02666105,NULL,
NCT02174172,NULL,
NCT03526887,Non-Small Cell Lung Cancer,C0007131
NCT03232593,NULL,
NCT03926260,NULL,
NCT03035890,Non Small Cell Lung Cancer,C0007131
NCT02523469,Non Small Cell Lung Cancer,C0007131
NCT02876510,NULL,
NCT02403271,NULL,
NCT02054052,NULL,
NCT00217282,NULL,
NCT00698516,Small Cell Lung Cancer,C0149925
NCT00193375,Small Cell Lung Cancer,C0149925
NCT02803203,Adenocarcinoma,C0001418
NCT00930891,NULL,
NCT00741195,Non Small Cell Lung Cancer,C0007131
NCT00755170,Non Small Cell Lung Cancer,C0007131
NCT00403403,Small Cell Lung Cancer,C0149925
NCT00356122,Non Small Cell Lung Cancer,C0007131
NCT00541099,Non Small Cell Lung Cancer,C0007131
NCT00451906,Non Squamous Cell Lung Cancer,
NCT00675597,Non-small Cell Lung Cancer,C0007131
NCT00323869,NULL,
NCT00970684,Non Small Cell Lung Cancer,C0007131
NCT01562028,Adenocarcinoma,C0001418
NCT00425646,NULL,
NCT00309998,Non Small Cell Lung Cancer,C0007131
NCT00118235,Small Cell Lung Cancer,C0149925
NCT00387699,Small Cell Lung Cancer,C0149925
NCT00365547,Non Small Cell Lung Cancer,C0007131
NCT00367601,Non Small Cell Lung Cancer,C0007131
NCT00445848,Non Small Cell Lung Cancer,C0007131
NCT00079040,NULL,
NCT00130780,Non Small Cell Lung Cancer,C0007131
NCT04345146,Non-Small Cell Lung Cancer,C0007131
NCT01661790,Non-small Cell Lung Cancer,C0007131
NCT00354549,NULL,
NCT02959749,Non Small Cell Lung Cancer,C0007131
NCT02596958,Non-small cell lung cancer,C0007131
NCT00130728,NULL,
NCT00661778,Non-small Cell Lung Cancer,C0007131
NCT00553800,Non-small Cell Lung Cancer,C0007131
NCT00741988,Non Small Cell Lung Cancer,C0007131
NCT01934465,Non Small Cell Lung Cancer,C0007131
NCT01047059,NULL,
NCT00308529,Small Cell Lung Cancer,C0149925
NCT00633529,Adenocarcinoma,C0001418
NCT01262820,Non-Small Cell Lung Cancer,C0007131
NCT00773188,Non Squamous Non Small Cell Lung Cancer,C4324656
NCT00257608,Non Small Cell Lung Cancer,C0007131
NCT02316327,Adenocarcinoma,C0001418
NCT03170284,Non Small Cell Lung Cancer,C0007131
NCT01995188,Non Squamous Non small Cell Lung Cancer,C4324656
NCT01995188,Ovarian Cancer,C0919267
NCT00250978,NULL,
NCT01532089,Non-small Cell Lung Cancer,C0007131
NCT04257864,Non Small Cell Lung Cancer,C0007131
NCT00294931,NULL,
NCT01077713,Non Small Cell Lung Cancer,C0007131
NCT01137968,Non small Cell Lung Cancer,C0007131
NCT00621049,NULL,
NCT01333007,Non Squamous Non Small Cell Lung Cancer,C4324656
NCT00436332,Adenocarcinoma,C0001418
NCT00585377,Non squamous Cell Lung Cancer,
NCT00400803,Non-small Cell Lung Cancer,C0007131
NCT00620971,NULL,
NCT00101348,Adenocarcinoma,C0001418
NCT00101348,Squamous cell carcinoma,C0349656
NCT00101348,carcinoma,C0007097
NCT00101348,Large Cell,C0334248
NCT00101348,large cell neuroendocrine carcinoma of lung,"C1334363, C0345958"
NCT00101348,Carcinoid Tumor,C0007095
NCT00101348,Adenosquamous carcinoma,C0206623
NCT00101348,spindle cell,C0349656
NCT01358942,Non Small Cell Lung Cancer,C0007131
NCT00776698,Non-Squamous Non-Small Cell Lung Cancer,C4324656
NCT00708448,NULL,
NCT01368848,Carcinoma,C0007097
NCT01893268,Non-Small Cell Lung Cancer,C0007131
NCT01963351,Non squamous NSCLC,C4324656
NCT00806923,Non-Small Cell Lung Cancer,C0007131
NCT01343914,Non-Squamous NSCLC,C4324656
NCT00536640,Non Squamous NSCLC,C4324656
NCT02745691,NULL,
NCT01598597,NULL,
NCT02835833,NULL,
NCT00388206,Non Small Cell Lung Cancer,C0007131
NCT00388206,Colorectal Cancer,C0009402
NCT00043823,Non-Small Cell Lung Cancer,C0007131
NCT01827852,Adenocarcinoma,C0001418
NCT05110118,NULL,
NCT00734890,NULL,
NCT00588666,Urothelial Carcinoma,C2145472
NCT00923936,NULL,
NCT03959137,Non-Small Cell Lung Cancer,C0007131
NCT00973557,NULL,
NCT01931098,NULL,
NCT03321513,NULL,
NCT05476341,NULL,
NCT02272413,Adenocarcinoma,C0001418
NCT01588184,Adenocarcinoma,C0001418
NCT01588184,Squamous cell carcinoma,C0349656
NCT01588184,Carcinoma,C0007097
NCT01588184,Large Cell,C0334248
NCT01588184,large cell neuroendocrine carcinoma of lung,"C1334363, C0345958"
NCT01588184,Carcinoid Tumor,C0007095
NCT01588184,Adenosquamous carcinoma,C0206623
NCT01588184,spindle cell,C0349656
NCT00027703,NULL,
NCT02737501,Adenocarcinoma,C0001418
NCT02094573,Non small Cell Lung Cancer,C0007131
NCT03410108,Non Small Cell Lung Cancer,C0007131
NCT04718012,NULL,
NCT04887519,Non Small Cell Lung Cancer,C0007131
NCT03420742,NULL,
NCT01449461,NULL,
NCT00469898,Small Cell Lung Cancer,C0149925
NCT01004731,Adenocarcinoma,C0001418
NCT01004731,Squamous cell carcinoma,C0349656
NCT01004731,large cell,C0334248
NCT00883675,NULL,
NCT00280735,NULL,
NCT00387660,Small Cell Lung Cancer,C0149925
NCT01331525,Small Cell Lung Cancer,C0149925
NCT00061919,NULL,
NCT02499770,Small Cell Lung Cancer,C0149925
NCT01082549,Squamous cell carcinoma,C0349656
NCT00683904,Non-small Cell Lung Cancer,C0007131
NCT00074204,Non Small Cell Lung Cancer,C0007131
NCT00737867,Non small Cell Lung Cancer,C0007131
NCT00104793,NULL,
NCT00874419,Non Small Cell Lung Cancer,C0007131
NCT00881296,Lung Cancer,C0242379
NCT00326599,Non Small Cell Lung Cancer,C0007131
NCT00912392,Small Cell Lung Cancer,C0149925
NCT00004096,NULL,
NCT00430651,Non Small Cell Lung Carcinoma,C0007131
NCT00042978,Small Cell Lung Cancer,C0149925
NCT01076504,Small Cell Lung Cancer,C0149925
NCT00097214,Non Small Cell Lung Cancer,C0007131
NCT00072527,Small Cell Lung Cancer,C0149925
NCT00449020,Non Small Cell Lung Cancer,C0007131
NCT02289690,Small Cell Lung Cancer,C0149925
NCT00927875,Small Cell Lung Cancer,C0149925
NCT00075751,NULL,
NCT00695292,Small Cell Lung Cancer,C0149925
NCT00316186,NULL,
NCT00004201,Non-small Cell Lung Cancer,C0007131
NCT04902885,Small Cell Lung Cancer,C0149925
NCT00682981,Small Cell Lung Cancer,C0149925
NCT00856830,Small Cell Lung Cancer,C0149925
NCT00041054,NULL,
NCT00240097,Small Cell Lung Cancer,C0149925
NCT00247416,Carboplatin,
NCT00247416,Gemcitabine,
NCT00247416,Lung Cancer,C0242379
NCT01987232,Small cell Lung Cancer,C0149925
NCT00647426,Adenocarcinoma,C0001418
NCT00647426,Squamous cell carcinoma,C0349656
NCT00647426,Large Cell,C0334248
NCT01466647,Non-small cell Lung Cancer,C0007131
NCT03066778,Small Cell Lung Cancer,C0149925
NCT00433498,Small Cell Lung Cancer,C0149925
NCT01683682,Non Small Cell Lung Cancer,C0007131
NCT00190710,Non Small Cell Lung Cancer,C0007131
NCT00305942,NULL,
NCT01652820,Non small Cell Lung Cancer,C0007131
NCT00070486,Non Small Cell Lung Cancer,C0007131
NCT00017251,NULL,
NCT00826852,Non small Cell Lung Cancer,C0007131
NCT00042679,Non Small Cell Lung Cancer,C0007131
NCT00717938,NULL,
NCT00599755,Non Small Cell Lung Cancer,C0007131
NCT00041314,NULL,
NCT00094822,Non Small Cell Lung Cancer,C0007131
NCT00321334,NULL,
NCT01439568,Small Cell Lung Carcinoma,C0149925
NCT00025272,NULL,
NCT00687297,Non-small Cell Lung Cancer,C0007131
NCT00028925,NULL,
NCT00463515,Non-Small Cell Lung Cancer,C0007131
NCT00052338,Non Small Cell Lung Cancer,C0007131
NCT00453154,Small Cell Lung Cancer,C0149925
NCT00251498,Non Small Cell Lung Cancer,C0007131
NCT00025285,Non Small Cell Lung Cancer,C0007131
NCT00193349,Small Cell Lung Cancer,C0149925
NCT00516022,Non-small cell lung cancer,C0007131
NCT00423449,Non-Small Cell Lung Cancer,C0007131
NCT00870870,NULL,
NCT05026593,Small Cell Lung Cancer,C0149925
NCT01266512,Non-small cell lung cancer,C0007131
NCT01450761,Small Cell Lung Cancer,C0149925
NCT00258739,Non Small Cell Lung Cancer,C0007131
NCT00212043,Non-small Cell Carcinoma,C0007131
NCT00132665,Non Small Cell Lung Cancer,C0007131
NCT00002822,Small Cell Lung Cancer,C0149925
NCT00887783,Adenocarcinoma,C0001418
NCT00791154,Small Cell Lung Cancer,C0149925
NCT00883779,Non Small Cell Lung Cancer,C0007131
NCT00193427,NULL,
NCT00264498,Non-Small Cell Lung Cancer,C0007131
NCT00153803,Non Small Cell Lung Cancer,C0007131
NCT00499109,Non-Small Cell Lung Cancer,C0007131
NCT01648517,Non-small Cell Lung Cancer,C0007131
NCT00600587,Non Small Cell Lung Cancer,C0007131
NCT00446225,Non Small Cell Lung Cancer,C0007131
NCT00004186,Small Cell Lung Cancer,C0149925
NCT00401609,Small cell Lung Cancer,C0149925
NCT00215930,NULL,
NCT04449861,Squamous cell carcinoma,C0349656
NCT00138658,Non Small Cell Lung Cancer,C0007131
NCT00049218,NULL,
NCT00191230,Non Small Cell Lung Cancer,C0007131
NCT00413283,Non Small Cell Lung Cancer,C0007131
NCT00002623,Non-small Cell Lung Cancer,C0007131
NCT00695994,NULL,
NCT04712903,Small Cell Lung Cancer,C0149925
NCT04870112,Non Small Cell Lung Cancer,C0007131
NCT04870112,Small Cell Lung Cancer,C0149925
NCT00086268,NULL,
NCT02175381,NULL,
NCT01998919,Non Small Cell Lung Cancer,C0007131
NCT00759824,Small Cell Lung Cancer,C0149925
NCT00606502,Non Small Cell Lung Cancer,C0007131
NCT00068289,NULL,
NCT03717155,NULL,
NCT00003860,Small Cell Lung Cancer,C0149925
NCT02945852,Small Cell Lung Cancer,C0149925
NCT02292550,Non small Cell Lung Cancer,C0007131
NCT02299505,Non-small Cell Lung Cancer,C0007131
NCT01772797,Non-small Cell Lung Cancer,C0007131
NCT01685138,NULL,
NCT02040870,Non-small Cell Lung Cancer,C0007131
NCT02276027,Non-small Cell Lung Cancer,C0007131
NCT01685060,Non-Small Cell Lung Cancer,C0007131
NCT02336451,Adenocarcinoma,C0001418
NCT02422589,NULL,
NCT02605746,NULL,
NCT01712217,Non Small Cell Lung Cancer,C0007131
NCT01300429,Non-small Cell Lung Cancer,C0007131
NCT01579994,Adenocarcinoma,C0001418
NCT03088930,Non small Cell Lung Cancer,C0007131
NCT00965731,NULL,
NCT00932451,Non Small Cell Lung Cancer,C0007131
NCT01121575,NULL,
NCT01998126,Non-small Cell Lung Cancer,C0007131
NCT01970865,Non Small Cell Lung Cancer,C0007131
NCT02183870,Adenocarcinoma,C0001418
NCT01945021,NULL,
NCT02679170,Non Small Cell Lung Cancer,C0007131
NCT03718117,NULL,
NCT01597258,NULL,
NCT05014464,Squamous cell carcinoma,C0349656
NCT02727335,NULL,
NCT02372448,NULL,
NCT05792644,NULL,
NCT01744652,NULL,
NCT00585195,NULL,
NCT01752400,Non-Small Cell Lung Carcinoma,C0007131
NCT02718651,NULL,
NCT02042105,Adenocarcinoma,C0001418
NCT01703091,Non Small Cell Lung Cancer,C0007131
NCT02789345,Adenocarcinoma,C0001418
NCT01168973,Non Small Cell Lung Cancer,C0007131
NCT02443324,Adenocarcinoma,C0001418
NCT02443324,NSCLC,C0007131
NCT02443324,Transitional Cell Carcinoma of the Urothelium,
NCT02443324,Biliary Tract Cancer,
NCT02572687,Adenocarcinoma,C0001418
NCT05800418,NULL,
NCT02082210,NULL,
NCT04775095,Carcinoma,C0007097
NCT01336634,Non-small Cell Lung Cancer,C0007131
NCT03755102,Adenocarcinoma,C0001418
NCT04511533,Non Small Cell Lung Cancer,C0007131
NCT01858389,Non Small Cell Lung Cancer,C0007131
NCT01360554,Non Small Cell Lung Cancer,C0007131
NCT00769067,Non-Small Cell Lung Cancer,C0007131
NCT01774721,Adenocarcinoma,C0001418
NCT01000025,Non Small Cell Lung Cancer,C0007131
NCT01465802,Non-Small Cell Lung Carcinoma,C0007131
NCT00553254,NULL,
NCT00548093,NULL,
NCT00818441,Adenocarcinoma,C0001418
NCT00728390,NULL,
NCT01608022,Squamous cell carcinoma,C0349656
NCT00030407,Non Small Cell Lung Cancer,C0007131
NCT00260026,Non Small Cell Lung Cancer,C0007131
NCT00103389,Non Small Cell Lung Cancer,C0007131
NCT00075374,NULL,
NCT03798743,Non-Small Cell Lung Cancer,C0007131
NCT00030420,Non Small Cell Lung Cancer,C0007131
NCT01362400,Non Small Cell Lung Cancer,C0007131
NCT02658747,Non Small Cell Lung Cancer,C0007131
NCT00582634,Non Small Cell Lung Cancer,C0007131
NCT00995761,Non small Cell Lung Cancer,C0007131
NCT01824901,Non Small Cell Lung Cancer,C0007131
NCT00003900,Non small Cell Lung Cancer,C0007131
NCT01107444,Non Small Cell Lung Cancer,C0007131
NCT03394105,Adenocarcinoma,C0001418
NCT00064012,Non Small Cell Lung Cancer,C0007131
NCT00193453,Non Small Cell Lung Cancer,C0007131
NCT03095612,Non small Cell Lung Cancer,C0007131
NCT00003762,NULL,
NCT02358473,Non-small Cell Lung Cancer,C0007131
NCT00532155,Non Small Cell Lung Cancer,C0007131
NCT02364362,Non Small Cell Lung Cancer,C0007131
NCT00231465,Non Small Cell Lung Cancer,C0007131
NCT00405951,Non Small Cell Lung Cancer,C0007131
NCT01138163,Non-Small Cell Lung Cancer,C0007131
NCT01905657,Non Small Cell Lung Cancer,C0007131
NCT00278460,Non Small Cell Lung Cancer,C0007131
NCT00312377,Non-small Cell Lung Cancer,C0007131
NCT01642004,Squamous Cell Non small Cell Lung Cancer,C4509816
NCT00544960,Non Small Cell Lung Cancer,C0007131
NCT00222144,NULL,
NCT00114192,NULL,
NCT01350817,Non Small Cell Lung Cancer,C0007131
NCT02531737,Lung Cancer,C0242379
NCT00201825,Non Small Cell Lung Cancer,C0007131
NCT00005868,NULL,
NCT00281970,NULL,
NCT00004139,Non-small Cell Lung Cancer,C0007131
NCT01362296,Non-small Cell Lung Cancer,C0007131
NCT00132639,Non Small Cell Lung Cancer,C0007131
NCT00390429,Non Small Cell Lung Cancer,C0007131
NCT00227708,Non Small Cell Lung Cancer,C0007131
NCT00173888,Non Small Cell Lung Cancer,C0007131
NCT02283320,Squamous cell carcinoma,C0349656
NCT02283320,Non Small Cell Lung Cancer,C0007131
NCT00080080,Non Small Cell Lung Cancer,C0007131
NCT00062439,Adenocarcinoma,C0001418
NCT00062439,Squamous cell carcinoma,C0349656
NCT00062439,Carcinoma,C0007097
NCT00062439,Large Cell,C0334248
NCT00062439,large cell neuroendocrine carcinoma of lung,"C1334363, C0345958"
NCT00062439,Carcinoid Tumor,C0007095
NCT00062439,Adenosquamous carcinoma,C0206623
NCT00062439,spindle cell,C0349656
NCT00148291,NULL,
NCT01750281,Non Small Cell Lung Cancer,C0007131
NCT00434668,Non Small Cell Lung Cancer,C0007131
NCT00193245,Non Small Cell Lung Cancer,C0007131
NCT01951157,Non Small Cell Lung Cancer,C0007131
NCT00293085,NULL,
NCT00441922,Non Small Cell Lung Cancer,C0007131
NCT01083589,Non Small Cell Lung Cancer,C0007131
NCT00026156,Non Small Cell Lung Cancer,C0007131
NCT00193323,NULL,
NCT00840125,Non Small Cell Lung Cancer,C0007131
NCT02450539,Squamous cell carcinoma,C0349656
NCT00630110,Non Small Cell Lung Cancer,C0007131
NCT00362882,Non Small Cell Lung Cancer,C0007131
NCT00310154,Non Small Cell Lung Cancer,C0007131
NCT00065182,Non Small Cell Lung Cancer,C0007131
NCT00425191,Non-small Cell Lung Cancer,C0007131
NCT00040885,Non Small Cell Lung Cancer,C0007131
NCT00074022,Adenocarcinoma,C0001418
NCT00074022,Squamous cell carcinoma,C0349656
NCT00074022,Prostate Cancer,C0600139
NCT00074022,Non Small Cell Lung Cancer,C0007131
NCT04144582,Non-small Cell Lung Cancer,C0007131
NCT01671332,NULL,
NCT00073385,Non Small Cell Lung Cancer,C0007131
NCT00066768,Non Small Cell Lung Cancer,C0007131
NCT00076388,Adenocarcinoma,C0001418
NCT00076388,Squamous cell carcinoma,C0349656
NCT00076388,Carcinoma,C0007097
NCT01999673,Non-small cell lung cancer,C0007131
NCT00876460,Non-small cell lung cancer,C0007131
NCT03371550,NULL,
NCT02864394,Non Small Cell Lung Cancer,C0007131
NCT02574598,Non Small Cell Lung Cancer,C0007131
NCT00931008,NULL,
NCT00441740,Non Small Cell Lung Cancer,C0007131
NCT00191139,Non Small Cell Lung Cancer,C0007131
NCT01673867,NULL,
NCT02395172,Non Small Cell Lung Cancer,C0007131
NCT01652469,Adenocarcinoma,C0001418
NCT01577654,Non Small Cell Lung Cancer,C0007131
NCT00118183,Non Small Cell Lung Cancer,C0007131
NCT00077311,Non Small Cell Lung Cancer,C0007131
NCT02179671,Non Small Cell Lung Cancer,C0007131
NCT00102505,Non Small Cell Lung Cancer,C0007131
NCT02300298,Adenocarcinoma,C0001418
NCT00418704,Non Small Cell Lung Cancer,C0007131
NCT03449901,Soft Tissue Sarcoma,C4551687
NCT03449901,Osteosarcoma,C0029463
NCT03449901,Ewings Sarcoma,C0553580
NCT03449901,Small Cell Lung Cancer,C0149925
NCT00819728,Non-small Cell Lung Cancer,C0007131
NCT01605916,Non Small Cell Lung Cancer,C0007131
NCT03647488,Non-small Cell Lung Cancer,C0007131
NCT01207011,Non small Cell Lung Cancer,C0007131
NCT00003037,Non small Cell Lung Cancer,C0007131
NCT00139711,Non Small Cell Lung Cancer,C0007131
NCT00771563,Non Small Cell Lung Cancer,C0007131
NCT00050674,Non Small Cell Lung Carcinoma,C0007131
NCT00132379,Non small Cell Lung Cancer,C0007131
NCT00327288,Adenocarcinoma,C0001418
NCT00073866,NULL,
NCT00047801,Non Small Cell Lung Cancer,C0007131
NCT01222312,Non Small Cell Lung Cancer,C0007131
NCT00890825,NULL,
NCT00097851,Non Small Cell Lung Cancer,C0007131
NCT02504489,NULL,
NCT00051974,NULL,
NCT01059188,Non-Small Cell Lung Cancer,C0007131
NCT00059943,Adenocarcinoma,C0001418
NCT00059943,Squamous cell carcinoma,C0349656
NCT00059943,Carcinoma,C0007097
NCT00059943,Large Cell,C0334248
NCT00059943,large cell neuroendocrine carcinoma of lung,"C1334363, C0345958"
NCT00059943,Carcinoid Tumor,C0007095
NCT00059943,Adenosquamous carcinoma,C0206623
NCT00059943,spindle cell,C0349656
NCT00712504,Adenocarcinoma,C0001418
NCT00712504,NULL,
NCT00805194,Non Small Cell Lung Cancer,C0007131
NCT00085826,Non Small Cell Lung Cancer,C0007131
NCT01204697,Non Small Cell Lung Cancer,C0007131
NCT00326378,Non small Cell Lung Cancer,C0007131
NCT01792479,Non Small Cell Lung Cancer,C0007131
NCT00066885,Non Small Cell Lung Cancer,C0007131
NCT03150875,NULL,
NCT01557959,Non Small Cell Lung Cancer,C0007131
NCT00049998,NULL,
NCT00174772,Non Small Cell Lung Cancer,C0007131
NCT00167401,Non Small Cell Lung Cancer,C0007131
NCT00252707,NULL,
NCT00086333,Non Small Cell Lung Carcinoma,C0007131
NCT02965378,Squamous cell carcinoma,C0349656
NCT02785939,Squamous cell carcinoma,C0349656
NCT00174629,Non Small Cell Lung Cancer,C0007131
NCT00319514,NULL,
NCT00424853,Non-small cell Lung Cancer,C0007131
NCT00191490,Non Small Cell Lung Cancer,C0007131
NCT00256789,NULL,
NCT02364804,Non-small Cell Lung Cancer,C0007131
NCT00478049,Non-Small Cell Lung Carcinoma,C0007131
NCT01038661,NULL,
NCT02577341,Squamous cell carcinoma,C0349656
NCT00945451,Non Small Cell Lung Cancer,C0007131
NCT02766335,Squamous cell carcinoma,C0349656
NCT01497925,Non Small Cell Lung Cancer,C0007131
NCT01497925,Prostate Cancer,C0600139
NCT00051571,Non small Cell Lung Carcinoma,C0007131
NCT00047840,Non-small Cell Lung Cancer,C0007131
NCT00673738,Non Small Cell Lung Cancer,C0007131
NCT00963807,Non-Small Cell Lung Cancer,C0007131
NCT00020709,Non Small Cell Lung Cancer,C0007131
NCT00850785,Non Small Cell Lung Cancer,C0007131
NCT00622349,Non-small Cell Lung Cancer,C0007131
NCT02972216,NULL,
NCT00003231,Non-small Cell Lung Cancer,C0007131
NCT03547804,Small Cell Lung Cancer,C0149925
NCT00062270,NULL,
NCT00406302,Non-small cell lung cancer,C0007131
NCT00072618,Non Small Cell Lung Cancer,C0007131
NCT01240447,Non small Cell Lung Cancer,C0007131
NCT00432315,Non Small Cell Lung Cancer,C0007131
NCT00478699,NULL,
NCT01204099,NULL,
NCT03017885,Non-small Cell Lung Cancer,C0007131
NCT02088515,Squamous cell carcinoma,C0349656
NCT00030810,NULL,
NCT00682383,Non small Cell Lung Cancer,C0007131
NCT00295672,NULL,
NCT00985855,Non Small Cell Lung Cancer,C0007131
NCT05553808,Non-small Cell Lung Cancer,C0007131
NCT00069160,NULL,
NCT00883480,Adenocarcinoma,C0001418
NCT01561456,Adenocarcinoma,C0001418
NCT01561456,Squamous cell carcinoma,C0349656
NCT02573506,NULL,
NCT00003565,NULL,
NCT01614002,NULL,
NCT00002901,NULL,
NCT01015963,NULL,
NCT03900117,Non-Small Cell Lung Cancer,C0007131
NCT02740985,NULL,
NCT00092001,Non Small Cell Lung Cancer,C0007131
NCT00880334,NULL,
NCT00183794,Carcinoma,C0007097
NCT00067548,NULL,
NCT00183872,Adenocarcinoma,C0001418
NCT00533533,Adenocarcinoma,C0001418
NCT00183742,NULL,
NCT00257348,NULL,
NCT01780181,Lung Cancer,C0242379
NCT04345900,NULL,
NCT03102606,NULL,
NCT05137067,NULL,
NCT00471432,NULL,
NCT02154490,Squamous cell carcinoma,C0349656
NCT00509457,Non-small Cell Lung Cancer,C0007131
NCT01852578,NULL,
NCT00120939,NULL,
NCT00014456,NULL,
NCT00080041,NULL,
NCT03659578,NULL,
NCT00049296,NULL,
NCT03358563,NULL,
NCT04713462,Non-Small Cell Lung Carcinoma,C0007131
NCT00003103,NULL,
NCT00096707,NULL,
NCT02671422,Non-Small Cell Lung Cancer,C0007131
NCT02595450,Non-small Cell Lung Cancer,C0007131
NCT01101334,Non-small Cell Lung Cancer,C0007131
NCT00462995,NULL,
NCT00547105,Non Small Cell Lung Cancer,C0007131
NCT00416650,Non Small Cell Lung Cancer,C0007131
NCT00275132,Non Small Cell Lung Cancer,C0007131
NCT01967095,NULL,
NCT00370383,Non small cell Lung Cancer,C0007131
NCT01211483,Non small Cell Lung Cancer,C0007131
NCT00702182,Non Small Cell Lung Cancer,C0007131
NCT00854308,Non Small Cell Lung Cancer,C0007131
NCT00590902,Adenocarcinoma,C0001418
NCT00826449,Non Small Cell Lung Cancer,C0007131
NCT00408499,Non Small Cell Lung Cancer,C0007131
NCT00283244,NULL,
NCT00391248,Non-small Cell Lung Cancer,C0007131
NCT00137800,Lung Cancer,C0242379
NCT01667562,Non Small Cell Lung Cancer,C0007131
NCT00100854,Non Small Cell Lung Cancer,C0007131
NCT02424617,Non Small Cell Lung Cancer,C0007131
NCT01487265,Non Small Cell Lung Cancer,C0007131
NCT01911507,Non-small Cell Lung Cancer,C0007131
NCT00855894,Non-small Cell Lung Cancer,C0007131
NCT00072631,Non Small Cell Lung Cancer,C0007131
NCT01230710,Non-small Cell Lung Cancer,C0007131
NCT01027598,Adenocarcinoma,C0001418
NCT01027598,Squamous cell carcinoma,C0349656
NCT01027598,large cell,C0334248
NCT00453362,Non Small Cell Lung Cancer,C0007131
NCT01342965,Non small Cell Lung Cancer,C0007131
NCT01260181,Non Small Cell Lung Cancer,C0007131
NCT00602433,Non Small Cell Lung Cancer,C0007131
NCT00777309,Non Small Cell Lung Cancer,C0007131
NCT00085280,Non Small Cell Lung Cancer,C0007131
NCT02013206,Non Small Cell Lung Cancer,C0007131
NCT01287754,Non small Cell Lung Cancer,C0007131
NCT00452413,NULL,
NCT01069757,NULL,
NCT00536861,Non Small Cell Lung Cancer,C0007131
NCT00871923,Non Small Cell Lung Cancer,C0007131
NCT01456325,Non Small Cell Lung Cancer,C0007131
NCT01836133,Adenocarcinoma,C0001418
NCT01866410,Non Small Cell Lung Cancer,C0007131
NCT00411632,Non Small Cell Lung Cancer,C0007131
NCT00585533,Non Small Cell Lung Cancer,C0007131
NCT01302808,Non Small Cell Lung Cancer,C0007131
NCT00701558,Non Small Cell Lung Cancer,C0007131
NCT00997334,Non-Small Cell Lung Carcinoma,C0007131
NCT00609804,Non Small Cell Lung Cancer,C0007131
NCT01104155,Non Small Cell Lung Cancer,C0007131
NCT00816868,Adenocarcinoma,C0001418
NCT00778167,Non Small Cell Lung Cancer,C0007131
NCT00125372,NULL,
NCT00088959,Non Small Cell Lung Cancer,C0007131
NCT00600015,Adenocarcinoma,C0001418
NCT00600015,Squamous cell carcinoma,C0349656
NCT00600015,Large Cell,C0334248
NCT00600015,large cell neuroendocrine carcinoma of lung,"C1334363, C0345958"
NCT01199068,Non-small Cell Lung Cancer,C0007131
NCT00373425,Non Small Cell Lung Carcinoma,C0007131
NCT00062101,Non Small Cell Lung Cancer,C0007131
NCT01378962,Non Small Cell Lung Cancer,C0007131
NCT00949910,Non Small Cell Lung Cancer,C0007131
NCT00072072,Non Small Cell Lung Cancer,C0007131
NCT00349219,Non Small Cell Lung Cancer,C0007131
NCT00673569,Non Small Cell Lung Cancer,C0007131
NCT00596648,Non Small Cell Lung Cancer,C0007131
NCT01839955,Non Small Cell Lung Cancer,C0007131
NCT01545947,Non Small Cell Lung Cancer,C0007131
NCT00581789,Adenocarcinoma,C0001418
NCT00444015,Non small Cell Lung Cancer,C0007131
NCT01378598,Non Small Cell Lung Cancer,C0007131
NCT01068587,NULL,
NCT00125359,NULL,
NCT01887886,Non Small Cell Lung Cancer,C0007131
NCT02133508,NULL,
NCT01229150,Non-Small Cell Lung Cancer,C0007131
NCT00518011,Non Small Cell Lung Cancer,C0007131
NCT01196078,Non Small Cell Lung Cancer,C0007131
NCT00265317,Non Small Cell Lung Cancer,C0007131
NCT01522833,Non-Small Cell Lung Carcinoma,C0007131
NCT01161173,Non-small Cell Lung Cancer,C0007131
NCT00364351,Non-Small Cell Lung Cancer,C0007131
NCT00888511,Non small Cell Lung Cancer,C0007131
NCT00419042,Non Small Cell Lung Cancer,C0007131
NCT00091663,Non Small Cell Lung Cancer,C0007131
NCT02031744,Non Small Cell Lung Cancer,C0007131
NCT00200395,NULL,
NCT01328951,Non Small Cell Lung Cancer,C0007131
NCT01250119,Non Small Cell Lung Cancer,C0007131
NCT00499655,Non Small Cell Lung Cancer,C0007131
NCT00983307,Non Small Cell Lung Cancer,C0007131
NCT02507375,Non Small Cell Lung Cancer,C0007131
NCT00994123,NULL,
NCT01310036,Adenocarcinoma,C0001418
NCT01294306,Non Small Cell Lung Cancer,C0007131
NCT00087412,Non Small Cell Lung Cancer,C0007131
NCT01859026,Non-Small Cell Lung Cancer,C0007131
NCT01153984,Adenocarcinoma,C0001418
NCT00567359,Non-Small Cell Lung Cancer,C0007131
NCT00456833,Non Small Cell Lung Cancer,C0007131
NCT01123460,Non Small Cell Lung Cancer,C0007131
NCT00652340,Non-small Cell Lung Cancer,C0007131
NCT01221077,Non-small Cell Lung Cancer,C0007131
NCT00654420,Non Small Cell Lung Cancer,C0007131
NCT00321815,Non Small Cell Lung Cancer,C0007131
NCT00473083,NULL,
NCT01183858,Non Small Cell Lung Cancer,C0007131
NCT01251796,NULL,
NCT00531934,Non Small Cell Lung Cancer,C0007131
NCT00570401,NULL,
NCT00457392,Non Small Cell Lung Cancer,C0007131
NCT00410059,Non-Small Cell Lung Cancer,C0007131
NCT01259089,Non Small Cell Lung Cancer,C0007131
NCT01996332,Non Small Cell Lung Cancer,C0007131
NCT00036647,Non Small Cell Lung Cancer,C0007131
NCT00230126,NULL,
NCT01130753,Non Small Cell Lung Cancer,C0007131
NCT01580735,Non-small cell lung cancer,C0007131
NCT00569114,Non-small Cell Lung Cancer,C0007131
NCT00717847,Non Small Cell Lung Cancer,C0007131
NCT01372384,Non Small Cell Cancer,
NCT00300586,Non-small Cell Lung Cancer,C0007131
NCT00294736,Non-small Cell Lung Cancer,C0007131
NCT00305617,Non Small Cell Lung Cancer,C0007131
NCT01174563,Non Small Cell Lung Cancer,C0007131
NCT01194050,Non Small Cell Lung Cancer,C0007131
NCT02000531,Non Small Cell Lung Cancer,C0007131
NCT01535729,Non Small Cell Lung Cancer,C0007131
NCT00385996,Non Small Cell Lung Cancer,C0007131
NCT02774278,Non Small Cell Lung Cancer,C0007131
NCT01488331,Non Small Cell Lung Cancer,C0007131
NCT00556712,Non Small Cell Lung Cancer,C0007131
NCT00615758,Non-Small Cell Lung Carcinoma,C0007131
NCT01233687,Non Small Cell Lung Cancer,C0007131
NCT01723878,Non Small Cell Lung Cancer,C0007131
NCT00897533,Non Small Cell Lung Cancer,C0007131
NCT00729742,Non Small Cell Lung Cancer,C0007131
NCT01721252,NULL,
NCT01951755,Non-small Cell Lung Cancer,C0007131
NCT01659970,Squamous cell carcinoma,C0349656
NCT01066884,Non Small Cell Lung Cancer,C0007131
NCT00063895,Non Small Cell Lung Cancer,C0007131
NCT00063895,Ovarian Cancer,C0919267
NCT00063895,Squamous Cell Carcinoma of the Head and Neck,C1168401
NCT01167244,Non Small Cell Lung Cancer,C0007131
NCT00777699,NULL,
NCT02155465,Adenocarcinoma,C0001418
NCT01887795,Non-small cell Lung Cancer,C0007131
NCT02450591,NULL,
NCT01024413,Non-Small Cell Lung Cancer,C0007131
NCT01594398,NULL,
NCT00397384,Adenocarcinoma,C0001418
NCT00397384,Squamous cell carcinoma,C0349656
NCT00397384,Non Small Cell Lung Cancer,C0007131
NCT00397384,NULL,
NCT00779389,NULL,
NCT01556191,NULL,
NCT01248247,Non Small Cell Lung Cancer,C0007131
NCT01790217,Non Small Cell Lung Cancer,C0007131
NCT02942095,NULL,
NCT00718315,NULL,
NCT00602030,Non-Small Cell Lung Cancer,C0007131
NCT01900652,Non Small Cell Lung Cancer,C0007131
NCT00642473,NULL,
NCT01609543,Adenocarcinoma,C0001418
NCT00975182,NULL,
NCT00692640,NULL,
NCT00732810,Adenocarcinoma,C0001418
NCT00732810,Squamous cell carcinoma,C0349656
NCT00732810,Carcinoma,C0007097
NCT00732810,Large Cell,C0334248
NCT00732810,large cell neuroendocrine carcinoma of lung,"C1334363, C0345958"
NCT00732810,Carcinoid Tumor,C0007095
NCT00732810,Adenosquamous carcinoma,C0206623
NCT00732810,spindle cell,C0349656
NCT01573702,NULL,
NCT01512420,Non Small Cell Lung Cancer,C0007131
NCT00522145,Non-Small Cell Lung Carcinoma,C0007131
NCT00966472,Squamous cell carcinoma,C0349656
NCT00966472,NSCLC,C0007131
NCT00137839,Adenocarcinoma,C0001418
NCT00738751,NULL,
NCT01416688,NULL,
NCT00716456,Adenocarcinoma,C0001418
NCT01402089,NULL,
NCT01217619,Non-Small Cell Lung Cancer,C0007131
NCT00743938,Non-Small Cell Lung Cancer,C0007131
NCT01523340,NULL,
NCT01593995,NULL,
NCT03653546,Adenocarcinoma,C0001418
NCT01186861,NULL,
NCT03595644,Non small Cell Lung Cancer,C0007131
NCT00284141,Adenocarcinoma,C0001418
NCT04145570,NULL,
NCT00266877,NULL,
NCT01610336,Non-Small Cell Lung Cancer,C0007131
NCT01023828,Non Small Cell Lung Cancer,C0007131
NCT02157883,NULL,
NCT00977548,NULL,
NCT03076164,Adenocarcinoma,C0001418
NCT00579683,Non Small Cell Lung Cancer,C0007131
NCT00910676,NULL,
NCT02759835,Non Small Cell Lung Cancer,C0007131
NCT00955149,NULL,
NCT01570296,Non Small Cell Lung Cancer,C0007131
NCT01514877,Non Small Cell Lung Cancer,C0007131
NCT00124280,NULL,
NCT05934461,Adenocarcinoma,C0001418
NCT01287546,NULL,
NCT00030498,NULL,
NCT02043002,Non-Small Cell Lung Cancer,C0007131
NCT02889692,Adenocarcinoma,C0001418
NCT02293733,Non Small Cell Lung Cancer,C0007131
NCT01854034,NULL,
NCT00039182,NULL,
NCT00739453,NULL,
NCT02040064,Adenocarcinoma,C0001418
NCT00374140,NULL,
NCT00096486,Non Small Cell Lung Cancer,C0007131
NCT01427946,NULL,
NCT01563354,Neuroendocrine Tumor,
NCT00933777,NULL,
NCT00955773,NULL,
NCT00401778,Non Small Cell Lung Cancer,C0007131
NCT01470209,NULL,
NCT01061788,NULL,
NCT02890069,NULL,
NCT01349296,NULL,
NCT00655655,NULL,
NCT01978171,NULL,
NCT00770120,NULL,
NCT01524783,NULL,
NCT05255133,NULL,
NCT01324492,Neuroendocrine Tumor,
NCT01024946,NULL,
NCT00372515,Carcinoma,C0007097
NCT00173875,Non Small Cell Lung Cancer,C0007131
NCT02804776,NULL,
NCT00452244,NULL,
NCT00411047,Non Small Cell Lung Cancer,C0007131
NCT00068653,Non Small Cell Lung Cancer,C0007131
NCT01513174,NULL,
NCT01037998,Non-small cell lung cancer,C0007131
NCT00217698,Non Small Cell Lung Cancer,C0007131
NCT00068497,Adenocarcinoma,C0001418
NCT00068497,Squamous cell carcinoma,C0349656
NCT00068497,carcinoma,C0007097
NCT00068497,Large Cell,C0334248
NCT00068497,large cell neuroendocrine carcinoma of lung,"C1334363, C0345958"
NCT03157310,NULL,
NCT00193336,Non Small Cell Lung Cancer,C0007131
NCT01498562,Non-small Cell Lung Cancer,C0007131
NCT00328562,Non Small Cell Lung Cancer,C0007131
NCT00255489,Non-small cell lung cancer,C0007131
NCT00188617,NULL,
NCT00162318,Non Small Cell Lung Cancer,C0007131
NCT00049543,Non small Cell Lung Cancer,C0007131
NCT00103051,NULL,
NCT01130961,Non Small Cell Lung Cancer,C0007131
NCT00298688,Small Cell Lung Cancer,C0149925
NCT00144066,Non Small Cell Lung Cancer,C0007131
NCT01039948,Non Small Cell Lung Cancer,C0007131
NCT00080340,Non Small Cell Lung Cancer,C0007131
NCT00238251,NULL,
NCT02976116,Non-small Cell Lung Cancer,C0007131
NCT02088112,Non Small Cell Lung Cancer,C0007131
NCT00029003,Non Small Cell Lung Cancer,C0007131
NCT01040780,Non small Cell Lung Cancer,C0007131
NCT01530334,Non-Small Cell Lung Cancer,C0007131
NCT00824746,Non Small Cell Lung Cancer,C0007131
NCT00238628,Non Small Cell Lung Cancer,C0007131
NCT02374645,Non-Small Cell Lung Cancer,C0007131
NCT00588445,NULL,
NCT02025114,Non-Small Cell Lung Cancer,C0007131
NCT00034879,NULL,
NCT00357734,NULL,
NCT00256711,NULL,
NCT01017679,Non-small cell lung cancer,C0007131
NCT01818947,NULL,
NCT02740894,Non-small Cell Lung Cancer,C0007131
NCT01864681,NULL,
NCT01203917,Adenocarcinoma,C0001418
NCT00333294,Non-Small Cell Lung Cancer,C0007131
NCT00807066,NULL,
NCT01000740,NULL,
NCT00455936,Adenocarcinoma,C0001418
NCT01448187,NULL,
NCT01933347,NULL,
NCT01833572,NULL,
NCT00344773,Adenocarcinoma,C0001418
NCT00608868,Non-Small Cell Lung Cancer,C0007131
NCT00259064,Non-Small Cell Lung Cancer,C0007131
NCT01103089,NULL,
NCT00252759,NULL,
NCT00059722,Non-Small Cell Lung Carcinoma,C0007131
NCT00820417,NULL,
NCT00198380,Adenocarcinoma,C0001418
NCT00898924,NULL,
NCT00025207,NULL,
NCT02475720,Non small Cell Lung Cancer,C0007131
NCT00016367,Non Small Cell Lung Cancer,C0007131
NCT00191763,Non Small Cell Lung Cancer,C0007131
NCT01797913,Non small Cell Lung Cancer,C0007131
NCT00003202,Non-small Cell Lung Cancer,C0007131
NCT00192036,Non Small Cell Lung Cancer,C0007131
NCT00154739,NULL,
NCT01844791,Non Small Cell Lung Cancer,C0007131
NCT01788566,Squamous cell carcinoma,C0349656
NCT00064064,Non Small Cell Lung Cancer,C0007131
NCT00077350,Non Small Cell Lung Cancer,C0007131
NCT00055757,Non Small Cell Lung Cancer,C0007131
NCT00005093,Non-small Cell Lung Cancer,C0007131
NCT00112346,Non Small Cell Lung Cancer,C0007131
NCT00077415,Non Small Cell Lung Cancer,C0007131
NCT00753714,Non Small Cell Lung Cancer,C0007131
NCT01086254,Non-small Cell Lung Cancer,C0007131
NCT01633645,Non Small Cell Lung Cancer,C0007131
NCT00449033,NULL,
NCT01763788,Squamous cell carcinoma,C0349656
NCT00005972,NULL,
NCT00330746,Non Small cell Lung Cancer,
NCT00191620,Non Small Cell Lung Cancer,C0007131
NCT00489996,Lung Cancer,C0242379
NCT00305786,Non Small Cell Lung Cancer,C0007131
NCT00057798,Non Small Cell Lung Cancer,C0007131
NCT00182806,Non Small Cell Lung Cancer,C0007131
NCT00735904,Squamous cell carcinoma,C0349656
NCT00401492,NULL,
NCT00496275,NULL,
NCT00069875,Non Small Cell Lung Cancer,C0007131
NCT00191126,NULL,
NCT00004199,Non small Cell Lung Cancer,C0007131
NCT00792701,Non Small Cell Lung Cancer,C0007131
NCT00283478,Non Small Cell Lung Cancer,C0007131
NCT00030433,Small Cell Lung Cancer,C0149925
NCT01810367,NULL,
NCT00034268,Non Small Cell Lung Cancer,C0007131
NCT00490659,Lung Cancer,C0242379
NCT01631357,Lung Cancer,C0242379
NCT00385606,NULL,
NCT00005850,Non Small Cell Lung Cancer,C0007131
NCT00193921,NULL,
NCT00678977,NULL,
NCT00191841,Adenocarcinoma,C0001418
NCT00191841,Squamous cell carcinoma,C0349656
NCT00191841,large cell,C0334248
NCT00842712,Non Small Cell Lung Cancer,C0007131
NCT03629925,Squamous cell carcinoma,C0349656
NCT00271271,Non-Small Cell Lung Cancer,C0007131
NCT02449122,Carcinoma,C0007097
NCT01243632,NULL,
NCT00003744,NULL,
NCT00004095,NULL,
NCT00620295,NULL,
NCT01324258,NULL,
NCT00733850,Adenocarcinoma,C0001418
NCT00350961,NULL,
NCT00415818,Non Small Cell Lung Cancer,C0007131
NCT00522886,NULL,
NCT00019513,NULL,
NCT04487457,NULL,
NCT00148395,Non Small Cell Lung Cancer,C0007131
NCT00343408,Non Small Cell Lung Cancer,C0007131
NCT01606748,Adenocarcinoma,C0001418
NCT02991482,NULL,
NCT00003723,NULL,
NCT00017186,NULL,
NCT01352962,Adenocarcinoma,C0001418
NCT02797977,NULL,
NCT02240238,Non Small Cell Lung,C0007131
NCT02240238,Biliary,
NCT02240238,Bladder Cancer,
NCT03102320,NULL,
NCT01325558,NULL,
NCT01737502,Non Small Cell Lung Cancer,C0007131
NCT01737502,Small Cell Lung Cancer,C0149925
NCT00068549,Carcinoma,C0007097
NCT03693300,Non Small Cell Lung Cancer,C0007131
NCT05933044,Non Small Cell Lung Cancer,C0007131
NCT04667312,Non small cell Lung Cancer,C0007131
NCT03373760,Adenocarcinoma,C0001418
NCT03373760,Squamous cell carcinoma,C0349656
NCT03373760,Large Cell,C0334248
NCT03373760,large cell neuroendocrine carcinoma of lung,"C1334363, C0345958"
NCT02898116,NULL,
NCT03818776,NULL,
NCT02879617,Non small Cell Lung Cancer,C0007131
NCT03853187,NULL,
NCT02701400,Small Cell Lung Cancer,C0149925
NCT02904954,Non-small Cell Lung Cancer,C0007131
NCT03794544,Non Small Cell Lung Cancer,C0007131
NCT02000947,Non-small Cell Lung Cancer,C0007131
NCT03085849,SCLC,C0149925
NCT04285866,NULL,
NCT03164772,NULL,
NCT02454933,Non-Small Cell Lung Cancer,C0007131
NCT04884269,Non-Small Cell Lung Cancer,C0007131
NCT04854590,Small Cell Lung Cancer,C0149925
NCT03095274,NULL,
NCT03643484,Non-Small Cell Lung Cancer,C0007131
NCT03094286,NULL,
NCT03732664,Non Small Cell Lung Cancer,C0007131
NCT05792995,NULL,
NCT04545658,NULL,
NCT02318277,NULL,
NCT02658214,NULL,
NCT02586987,NULL,
NCT01693562,NULL,
NCT03217071,Non Small Cell Lung Cancer,C0007131
NCT05226728,Lung Cancer,C0242379
NCT03322540,Non Small Cell Lung Cancer,C0007131
NCT02007070,Non-small Cell Lung Cancer,C0007131
NCT02835690,Non Small Cell Lung Cancer,C0007131
NCT02879994,Non Small Cell Lung Cancer,C0007131
NCT02879760,Non Small Cell Lung Cancer,C0007131
NCT02575404,Non small Cell Lung Cancer,C0007131
NCT02575404,Squamous Cell Head and Neck Cancer,C1168401
NCT03371979,NULL,
NCT03197467,NULL,
NCT02840994,Non Small Cell Lung Cancer,C0007131
NCT02760225,NULL,
NCT02451930,NULL,
NCT03302234,Non Small Cell Lung Cancer,C0007131
NCT02359019,NULL,
NCT03307759,Non Small Cell Lung Carcinoma,C0007131
NCT02437136,Adenocarcinoma,C0001418
NCT02437136,Squamous cell carcinoma,C0349656
NCT02437136,Carcinoma,C0007097
NCT02437136,Large Cell,C0334248
NCT02437136,large cell neuroendocrine carcinoma of lung,"C1334363, C0345958"
NCT02437136,Carcinoid Tumor,C0007095
NCT02437136,Adenosquamous carcinoma,C0206623
NCT02437136,spindle cell,C0349656
NCT02448303,Non-small Cell Lung Cancer,C0007131
NCT02085070,Adenocarcinoma,C0001418
NCT02085070,Squamous cell carcinoma,C0349656
NCT02085070,carcinoma,C0007097
NCT02085070,Large Cell,C0334248
NCT02085070,large cell neuroendocrine carcinoma of lung,"C1334363, C0345958"
NCT02085070,Carcinoid Tumor,C0007095
NCT02085070,Adenosquamous carcinoma,C0206623
NCT02085070,spindle cell,C0349656
NCT01295827,Carcinoma,C0007097
NCT01295827,Melanoma,C0025202
NCT01295827,Non small Cell Lung Carcinoma,C0007131
NCT02492568,NULL,
NCT05023837,Non small Cell Lung Cancer,C0007131
NCT02475213,NULL,
NCT05740501,NULL,
NCT03308942,Non Small Cell Lung Cancer,C0007131
NCT02343952,NULL,
NCT03224871,NULL,
NCT04793815,Lung Cancer,C0242379
NCT03473925,NULL,
NCT04076228,NULL,
NCT02501096,NULL,
NCT02646748,NULL,
NCT02563548,NULL,
NCT02043665,Non-Small Cell Lung Cancer,C0007131
NCT02043665,Bladder Cancer,
NCT03948763,NULL,
NCT02713529,NULL,
NCT05321212,NULL,
NCT03825510,NULL,
NCT03006887,NULL,
NCT03184571,Non-Small Cell Lung Cancer,C0007131
NCT04879316,NULL,
NCT02939651,NULL,
NCT02509507,NULL,
NCT03426891,NULL,
NCT03775850,Colorectal Cancer,C0009402
NCT03775850,Breast Cancer,C0006142
NCT03775850,NULL,
NCT02938624,Non-Small Cell Lung Cancer,C0007131
NCT02122861,NULL,
NCT03849469,NULL,
NCT05059951,Non-Small Cell Lung Carcinoma,C0007131
NCT03329950,NULL,
NCT05711914,NULL,
NCT03229278,NULL,
NCT04383938,NULL,
NCT04037462,NULL,
NCT03861793,NULL,
NCT02909452,NULL,
NCT03633110,NULL,
NCT05129462,NULL,
NCT03140137,NULL,
NCT02528357,NULL,
NCT02178722,NULL,
NCT02903914,NULL,
NCT04148937,NULL,
NCT03085914,Adenocarcinoma,C0001418
NCT03085914,Squamous cell carcinoma,C0349656
NCT03085914,Carcinoma,C0007097
NCT03085914,Large Cell,C0334248
NCT03085914,large cell neuroendocrine carcinoma of lung,"C1334363, C0345958"
NCT03085914,Carcinoid Tumor,C0007095
NCT03085914,Adenosquamous carcinoma,C0206623
NCT03085914,spindle cell,C0349656
NCT04541706,Adenocarcinoma,C0001418
NCT05167500,NULL,
NCT03727477,Non-small Cell Lung Cancer,C0007131
NCT04541407,NULL,
NCT03704688,Non Small Cell Lung Cancer,C0007131
NCT02900664,NULL,
NCT01938443,NULL,
NCT03520842,Non Small Cell Lung Cancer,C0007131
NCT05796726,Non small Cell Lung Cancer,C0007131
NCT05154344,Non-Small Cell Lung Cancer,C0007131
NCT02385110,NULL,
NCT01183065,Squamous cell carcinoma,C0349656
NCT00215046,NULL,
NCT03839537,NULL,
NCT02648724,NULL,
NCT00051311,NULL,
NCT01188798,NULL,
NCT00003553,NULL,
NCT00354393,NULL,
NCT01056614,NULL,
NCT01951885,NULL,
NCT00003838,NULL,
NCT02345850,NULL,
NCT00343785,NULL,
NCT03699631,NULL,
NCT00001256,NULL,
NCT00445744,NULL,
NCT00860574,NULL,
NCT00448201,NULL,
NCT01664910,NULL,
NCT03652857,Non-small Cell Lung Cancer,C0007131
NCT02709720,Non Small Cell Lung Cancer,C0007131
NCT00008333,Non-small Cell Lung Cancer,C0007131
NCT00165334,Adenocarcinoma,C0001418
NCT00870532,NULL,
NCT00002583,Non small Cell Lung Cancer,C0007131
NCT00005865,Non Small Cell Lung Cancer,C0007131
NCT00287963,NULL,
NCT00017459,Non Small Cell Lung Cancer,C0007131
NCT03117335,Non-small Cell Lung Cancer,C0007131
NCT02176369,Non Small Cell Lung Cancer,C0007131
NCT01124253,Non-small Cell Lung Cancer,C0007131
NCT01109524,Non small Cell Lung Cancer,C0007131
NCT00148798,Non Small Cell Lung Cancer,C0007131
NCT00253591,Non Small Cell Lung Cancer,C0007131
NCT00309972,Non Small Cell Lung Cancer,C0007131
NCT01839032,NULL,
NCT02619929,NULL,
NCT00683514,Non Small Cell Lung Cancer,C0007131
NCT02497118,NULL,
NCT00890903,Adenocarcinoma,C0001418
NCT00890903,Squamous cell carcinoma,C0349656
NCT00890903,large cell,C0334248
NCT00890903,large cell neuroendocrine carcinoma of lung,"C1334363, C0345958"
NCT00890903,Carcinoid Tumor,C0007095
NCT00890903,Adenosquamous carcinoma,C0206623
NCT00890903,spindle cell,C0349656
NCT02555007,Non-Small Cell Lung Cancer,C0007131
NCT01029678,NULL,
NCT01118676,Non Small Cell Lung Cancer,C0007131
NCT01684111,Non Small Lung Cell Cancer,C0007131
NCT00540982,NULL,
NCT00014430,Adenocarcinoma,C0001418
NCT01687439,Non-small Cell Lung Cancer,C0007131
NCT01848613,NULL,
NCT00050973,NULL,
NCT00278070,NULL,
NCT00312819,NULL,
NCT02139904,NULL,
NCT00256815,Non Small Cell Lung Cancer,C0007131
NCT00432562,NULL,
NCT00001944,NULL,
NCT00002823,Non-small Cell Lung Cancer,C0007131
NCT01155258,NULL,
NCT01441752,Non-Small Cell Lung Carcinoma,C0007131
NCT02411591,Non Small Cell Lung Cancer,C0007131
NCT03433534,NULL,
NCT03382496,Adenocarcinoma,C0001418
NCT03382496,Squamous cell carcinoma,C0349656
NCT03382496,Carcinoma,C0007097
NCT03382496,Large Cell,C0334248
NCT03382496,large cell neuroendocrine carcinoma of lung,"C1334363, C0345958"
NCT03382496,Carcinoid Tumor,C0007095
NCT03382496,Adenosquamous carcinoma,C0206623
NCT03382496,spindle cell,C0349656
NCT02538666,NULL,
NCT03325816,Small Cell Lung Cancer,C0149925
NCT03090737,Non-small Cell Lung Cancer,C0007131
NCT03195491,Non Small Cell Lung Cancer,C0007131
NCT01721759,Squamous cell carcinoma,C0349656
NCT03001882,Non Small Cell Lung Cancer,C0007131
NCT02409368,Squamous cell carcinoma,C0349656
NCT02713867,Non-small Cell Lung Cancer,C0007131
NCT03132493,NULL,
NCT03273790,Non Small Cell Lung Cancer,C0007131
NCT02823990,Lung Cancer,C0242379
NCT02869789,NULL,
NCT02066636,Non Small Cell Lung Cancer,C0007131
NCT02481830,Small cell lung cancer,C0149925
NCT03215810,Non Small Cell Lung Cancer,C0007131
NCT02434081,Non Small Cell Lung Carcinoma,C0007131
NCT03262779,Non-small Cell Lung Cancer,C0007131
NCT03804554,Non-small Cell Lung Cancer,C0007131
NCT02423343,Hepatocellular Carcinoma,
NCT02423343,NSCLC,C0007131
NCT04858204,Non Small Cell Lung Cancer,C0007131
NCT03123783,NULL,
NCT02897765,Adenocarcinoma,C0001418
NCT02897765,Squamous cell carcinoma,C0349656
NCT02897765,Carcinoma,C0007097
NCT02897765,Large Cell,C0334248
NCT02897765,large cell neuroendocrine carcinoma of lung,"C1334363, C0345958"
NCT02897765,Carcinoid Tumor,C0007095
NCT02897765,Adenosquamous carcinoma,C0206623
NCT02897765,spindle cell,C0349656
NCT02954991,Non Small Cell Lung Cancer,C0007131
NCT03468985,Non-small Cell Lung Cancer,C0007131
NCT03486119,NULL,
NCT02350764,NULL,
NCT01928576,NULL,
NCT02933346,Non-Small Cell Lung Carcinoma,C0007131
NCT02247349,Squamous cell carcinoma,C0349656
NCT04749602,NULL,
NCT02939300,NULL,
NCT03444766,NULL,
NCT03181308,NULL,
NCT03326752,NULL,
NCT00441337,NULL,
NCT04507906,Non-Small Cell Lung Cancer,C0007131
NCT04082988,Non-Small Cell Lung Cancer,C0007131
NCT03190174,Sarcoma,
NCT03190174,Cancer,
NCT03639714,NULL,
NCT04470440,NULL,
NCT02327078,NULL,
NCT02658890,NULL,
NCT03098550,Adenocarcinoma,C0001418
NCT03098550,Non Small Cell Lung,C0007131
NCT03098550,Triple Negative Breast,
NCT03044626,Non-Small Cell Lung Cancer,C0007131
NCT04122625,NULL,
NCT03735628,NULL,
NCT02684253,Squamous cell carcinoma,C0349656
NCT03226756,Squamous cell carcinoma,C0349656
NCT04159025,Non-small cell lung cancer,C0007131
NCT03636477,NULL,
NCT02973113,NULL,
NCT02526017,NULL,
NCT05041062,Malignant Peritoneal Mesothelioma,
NCT00730639,NULL,
NCT02582125,Non Small Cell Lung Cancer,C0007131
NCT02175017,Non Small Cell Lung Cancer,C0007131
NCT03953235,NULL,
NCT02983045,NULL,
NCT02946671,NULL,
NCT03758781,NULL,
NCT03829436,NULL,
NCT03241173,NULL,
NCT03434418,Non small Cell Lung Cancer,C0007131
NCT02769286,Non-Small Cell Lung Carcinoma,C0007131
NCT02228369,Non Small Cell Lung Cancer,C0007131
NCT03455829,Non Small Cell Lung Cancer,C0007131
NCT03853551,NULL,
NCT04479306,Non Small Cell Lung Cancer,C0007131
NCT02163733,NULL,
NCT03810066,NULL,
NCT02317016,NULL,
NCT03858491,NULL,
NCT02474355,Non-Small Cell Lung Cancer,C0007131
NCT03450330,Non-small Cell Lung Cancer,C0007131
NCT04546282,NULL,
NCT02841579,Adenocarcinoma,C0001418
NCT02197247,NULL,
NCT03457220,Non-small Cell Lung Cancer,C0007131
NCT02908750,NULL,
NCT02777567,Adenocarcinoma,C0001418
NCT03137264,Adenocarcinoma,C0001418
NCT04959981,NULL,
NCT03463525,NULL,
NCT03485326,Non-small cell lung cancer,C0007131
NCT03219970,Non-Small Cell Lung Cancer,C0007131
NCT03133234,Adenocarcinoma,C0001418
NCT02997501,NULL,
NCT03446417,Non Small Cell Lung Cancer,C0007131
NCT02224053,NULL,
NCT02491944,NULL,
NCT02529995,NULL,
NCT02756039,NULL,
