NCTId,Relapse/Progression,CUI
NCT00317200,No_Progression,C0242792
NCT00445600,Progression-free,C0242792
NCT00567800,relapse,C0035020
NCT00678900,No disease progression,C0242792
NCT00789000,Absence of disease progression,C0242792
NCT00812300,NULL,
NCT01079481,Relapse,C0035020
NCT00807573,No disease progression,C0242792
NCT00806286,NULL,
NCT00268970,Relapse,C0035020
NCT00005646,NULL,
NCT00062010,Relapse,C0242792
NCT01057342,NULL,
NCT00062179,NULL,
NCT00687817,Relapse,C0035020
NCT01011075,NULL,
NCT00540514,NULL,
NCT00970580,NULL,
NCT00005059,NULL,
NCT00453167,NULL,
NCT00003281,Relapse,C0035020
NCT02733250,NULL,
NCT01171170,NULL,
NCT00753909,Progression-free,C0242792
NCT00004055,Relapse,C0242792
NCT00062062,NULL,
NCT00832819,Progression-free,C0242792
NCT01310244,NULL,
NCT00243867,NULL,
NCT01814163,NULL,
NCT00666692,NULL,
NCT01024062,NULL,
NCT02525653,NULL,
NCT00654758,NULL,
NCT01196234,Progression-free,C0242792
NCT01160601,Progression-free,C0242792
NCT00735696,Progression-free,C0242792
NCT01763671,NULL,
NCT02551432,Relapse,C0035020
NCT00005032,Relapse,C0242792
NCT00487669,Progression-free,C0242792
NCT00003299,Progression-free,C0242792
NCT00077246,NULL,
NCT02730247,Progression-free,C0242792
NCT00278148,Progression-free,C0242792
NCT00004126,Relapse,C0242792
NCT00005849,Relapse,C0242792
NCT00583830,NULL,
NCT01836679,NULL,
NCT00661193,Progression-free,C0242792
NCT00686322,NULL,
NCT01199055,Progression-free,C0242792
NCT00752115,NULL,
NCT00918203,Progression-free,C0242792
NCT01757288,Progression-free,C0242792
NCT00016315,Progression-free,C0242792
NCT00245154,NULL,
NCT00097227,NULL,
NCT00004924,NULL,
NCT02106546,Progression-free,C0242792
NCT00795340,Progression-free,C0242792
NCT02503358,Progression-free,C0242792
NCT02279732,Progression-free,C0242792
NCT01285609,Progression-free,C0242792
NCT00986674,Progression-free,C0242792
NCT00723957,Progression-free,C0242792
NCT00006229,NULL,
NCT00866528,NULL,
NCT01560104,Progression-free,C0242792
NCT00088556,NULL,
NCT00602797,NULL,
NCT00094835,Progression-free,C0242792
NCT00578149,NULL,
NCT01702844,NULL,
NCT01364012,Progression-free,C0242792
NCT00533585,NULL,
NCT02038647,Progression-free,C0242792
NCT00481078,Relapse,C0242792
NCT01165216,NULL,
NCT00680940,NULL,
NCT02367794,NULL,
NCT02250326,Progression-free,C0242792
NCT00002519,NULL,
NCT00017407,Relapse/Progression,N/A
NCT00317200,NULL,
NCT00642759,Progression-free,C0242792
NCT00025389,NULL,
NCT02264990,Relapse,C0035020
NCT00152477,NULL,
NCT00006929,NULL,
NCT00093756,NULL,
NCT00603538,Progression-free,C0242792
NCT01236716,NULL,
NCT00347412,NULL,
NCT00073723,NULL,
NCT04672928,NULL,
NCT00991796,NULL,
NCT00408460,Relapse,C0242792
NCT00343291,NULL,
NCT01519804,Progression-free,C0242792
NCT00708812,NULL,
NCT00318136,Progression-free,C0242792
NCT00002969,NULL,
NCT00034541,NULL,
NCT00276588,Relapse,C0242792
NCT00003387,Progression-free,C0242792
NCT03169335,NULL,
NCT00674102,NULL,
NCT01317615,NULL,
NCT00729612,Relapse,C0242792
NCT00553462,No disease progression,C0242792
NCT00510445,Relapse,C0035020
NCT00002972,NULL,
NCT00527735,NULL,
NCT00280150,Progression-free,C0242792
NCT01225302,Progression-free,C0242792
NCT01649947,NULL,
NCT02392507,Progression-free,C0242792
NCT00006469,Relapse,C0035020
NCT01763645,Progression-free,C0242792
NCT00193362,NULL,
NCT02309177,Relapse,C0035020
NCT02328105,NULL,
NCT00079287,NULL,
NCT00003117,NULL,
NCT01620190,NULL,
NCT01493843,Progression-free,C0242792
NCT00147537,Progression-free,C0242792
NCT00287989,Relapse,C0242792
NCT00085501,NULL,
NCT00178256,NULL,
NCT00003317,NULL,
NCT00023673,Progression-free,C0242792
NCT00096226,NULL,
NCT00050960,NULL,
NCT00600821,Progression-free,C0242792
NCT00653939,Progression-free,C0242792
NCT00974584,NULL,
NCT00368992,NULL,
NCT01820754,NULL,
NCT00226590,NULL,
NCT01069328,NULL,
NCT00387374,Progression-free,C0242792
NCT01540045,NULL,
NCT01234038,NULL,
NCT01769391,NULL,
NCT00716534,Progression-free,C0242792
NCT00874107,Progression-free,C0242792
NCT00457119,Progression-free,C0242792
NCT00020007,NULL,
NCT01048645,NULL,
NCT03092986,NULL,
NCT00861627,NULL,
NCT00534027,NULL,
NCT00034346,NULL,
NCT00533949,NULL,
NCT02027428,Progression-free,C0242792
NCT03594747,Progression-free,C0242792
NCT00088088,NULL,
NCT00004160,NULL,
NCT00001499,NULL,
NCT00274443,NULL,
NCT02172846,Progression-free,C0242792
NCT02429843,NULL,
NCT00948675,NULL,
NCT03296163,NULL,
NCT02367781,Progression-free,C0242792
NCT00655850,NULL,
NCT01494558,NULL,
NCT00087802,NULL,
NCT01023347,NULL,
NCT00495170,NULL,
NCT01100931,Progression-free,C0242792
NCT00004979,NULL,
NCT00021333,Relapse,C0035020
NCT02151149,NULL,
NCT00004011,NULL,
NCT00006378,NULL,
NCT00003235,Progression-free,C0242792
NCT00081302,NULL,
NCT04640935,NULL,
NCT00003587,Relapse,C0035020
NCT02366143,Progression-free,C0242792
NCT03780010,NULL,
NCT00006484,NULL,
NCT01107626,Progression-free,C0242792
NCT02716038,NULL,
NCT03573947,NULL,
NCT00913705,NULL,
NCT01366131,Progression-free,C0242792
NCT00434135,NULL,
NCT00003158,NULL,
NCT01454102,Progression-free,C0242792
NCT00702975,Progression-free,C0242792
NCT00144053,NULL,
NCT00005065,NULL,
NCT02684461,NULL,
NCT00832494,NULL,
NCT00006012,Relapse,C0035020
NCT00113516,NULL,
NCT00071188,Progression-free,C0242792
NCT00898417,NULL,
NCT00003881,NULL,
NCT02182232,Progression-free,C0242792
NCT00556088,NULL,
NCT01862081,NULL,
NCT00032032,NULL,
NCT03196986,NULL,
NCT00280787,NULL,
NCT01486602,NULL,
NCT00003072,NULL,
NCT00563784,NULL,
NCT01496742,Progression-free,C0242792
NCT02364999,NULL,
NCT00800202,No disease progression,C0242792
NCT00998192,Relapse,C0035020
NCT00003089,NULL,
NCT00252798,NULL,
NCT00034164,Relapsed,C0035020
NCT00979212,NULL,
NCT00003812,NULL,
NCT00033696,Relapse,C0035020
NCT02944396,Progression-free,C0242792
NCT01085136,Progression-free,C0242792
NCT00480831,Progression-free,C0242792
NCT00874848,NULL,
NCT00005806,NULL,
NCT00043108,NULL,
NCT02303977,Progression,C0242656
NCT00004137,NULL,
NCT01326767,NULL,
NCT03095209,NULL,
NCT01051934,NULL,
NCT02754882,NULL,
NCT00126581,NULL,
NCT00900172,Progression-free,C0242792
NCT02567799,NULL,
NCT00049790,NULL,
NCT00006004,NULL,
NCT02220894,Progression-free,C0242792
NCT03850444,Progression-free,C0242792
NCT03099577,NULL,
NCT00033410,NULL,
NCT00762034,Progression-free,C0242792
NCT00193310,NULL,
NCT00040794,No disease progression,C0242792
NCT00476216,NULL,
NCT00033553,NULL,
NCT00004202,Relapse,C0035020
NCT00259675,NULL,
NCT00001450,Relapse,C0035020
NCT01966003,NULL,
NCT01134250,NULL,
NCT02810457,NULL,
NCT02591615,NULL,
NCT00002852,NULL,
NCT00035152,NULL,
NCT00085839,NULL,
NCT02073968,NULL,
NCT00003313,NULL,
NCT02289456,NULL,
NCT00025480,Relapse,C0242792
NCT00915005,Locoregional Recurrence,N/A
NCT03366480,NULL,
NCT01668108,NULL,
NCT00564733,NULL,
NCT00617409,NULL,
NCT00021060,Progression-free,C0242792
NCT00322452,NULL,
NCT02470468,Progression-free,C0242792
NCT02728492,NULL,
NCT02069158,NULL,
NCT00966914,Relapse,C0035020
NCT00074854,NULL,
NCT01840579,Progression-free,C0242792
NCT00828841,Progression-free,C0242792
NCT02799862,NULL,
NCT00828009,Progression-free,C0242792
NCT00091039,Progression-free,C0242792
NCT00550537,NULL,
NCT00107250,NULL,
NCT00174356,NULL,
NCT00191256,NULL,
NCT03128008,NULL,
NCT00047736,NULL,
NCT00756847,NULL,
NCT03329911,NULL,
NCT01850303,NULL,
NCT00094861,NULL,
NCT00003589,NULL,
NCT00315185,Progression-free,C0242792
NCT00070629,NULL,
NCT01770795,NULL,
NCT00738452,NULL,
NCT05169801,Relapsed,C0035020
NCT00112294,NULL,
NCT00298415,NULL,
NCT02720614,NULL,
NCT02066103,NULL,
NCT00199758,NULL,
NCT00003569,NULL,
NCT01099124,NULL,
NCT00005838,Progression-free,C0242792
NCT02041533,Progression-free,C0242792
NCT00249964,Relapse,C0035020
NCT00508625,NULL,
NCT00492206,NULL,
NCT02492867,NULL,
NCT00198367,NULL,
NCT02039674,Progression-free,C0242792
NCT00198354,NULL,
NCT03840915,NULL,
NCT00003943,Relapse,C0035020
NCT00028938,NULL,
NCT03351361,NULL,
NCT01066234,NULL,
NCT01783197,NULL,
NCT02142738,Progression-free,C0242792
NCT01868022,NULL,
NCT02193633,NULL,
NCT01831089,NULL,
NCT00117442,NULL,
NCT01404260,NULL,
NCT00686959,Progression-free,C0242792
NCT02273713,Progression-free,C0242792
NCT00271505,NULL,
NCT03322566,Progression-free,C0242792
NCT00294762,NULL,
NCT04144608,Progression-free,C0242792
NCT00700180,Progression-free,C0242792
NCT00770588,No disease progression,C0242792
NCT01836575,NULL,
NCT01892046,NULL,
NCT00667641,NULL,
NCT00546156,NULL,
NCT04633564,NULL,
NCT01209520,NULL,
NCT03345810,NULL,
NCT02064491,Progression,C0242656
NCT02426281,NULL,
NCT00313599,NULL,
NCT00078390,NULL,
NCT00101920,NULL,
NCT00667147,NULL,
NCT00019019,Relapse,C0242792
NCT01263886,NULL,
NCT03432598,NULL,
NCT02659059,NULL,
NCT00216125,NULL,
NCT00078845,NULL,
NCT01243775,NULL,
NCT05427305,NULL,
NCT01026467,NULL,
NCT00003111,NULL,
NCT00466466,NULL,
NCT02574078,Relapse,C0035020
NCT01216111,NULL,
NCT02489903,Relapse,C0035020
NCT03986463,NULL,
NCT00028535,NULL,
NCT00531960,NULL,
NCT02033551,NULL,
NCT00003159,NULL,
NCT02071862,NULL,
NCT01957007,Relapse,C0035020
NCT00820755,Progression-free,C0242792
NCT02881125,Relapsed Small Cell Carcinoma,N/A
NCT00312728,Progression-free,C0242792
NCT02805530,NULL,
NCT04237090,NULL,
NCT00309959,NULL,
NCT02716311,NULL,
NCT01999985,NULL,
NCT02629523,NULL,
NCT02440854,NULL,
NCT02747953,NULL,
NCT02364609,Relapse,C0242792
NCT04640870,NULL,
NCT01415011,NULL,
NCT01156545,NULL,
NCT01647711,NULL,
NCT02208843,NULL,
NCT01953913,NULL,
NCT04552535,NULL,
NCT02191891,NULL,
NCT02044380,NULL,
NCT02625168,Progression-free,C0242792
NCT01090011,NULL,
NCT01523587,Progression-free,C0242792
NCT00796549,NULL,
NCT00711594,NULL,
NCT00993499,Disease Progression,C0242656
NCT00656136,Progression-free,C0242792
NCT04179890,NULL,
NCT04750824,NULL,
NCT02145637,NULL,
NCT03370770,NULL,
NCT03157089,NULL,
NCT01074177,NULL,
NCT01121393,NULL,
NCT00525148,NULL,
NCT01466660,Progression-free,C0242792
NCT02514174,NULL,
NCT02285361,NULL,
NCT01880515,NULL,
NCT02047903,NULL,
NCT02131259,NULL,
NCT02795156,NULL,
NCT02369484,NULL,
NCT02020577,NULL,
NCT02506517,NULL,
NCT01783587,NULL,
NCT01169675,NULL,
NCT05204758,NULL,
NCT00949650,NULL,
NCT04201756,NULL,
NCT04031898,NULL,
NCT02975752,NULL,
NCT02847377,NULL,
NCT01871805,NULL,
NCT03271554,NULL,
NCT01801111,Relapse,C0035020
NCT02604342,Progression-free,C0242792
NCT02013219,NULL,
NCT03155009,NULL,
NCT03779191,NULL,
NCT02450903,Relapse,C0035020
NCT04351334,NULL,
NCT04979988,NULL,
NCT04997382,NULL,
NCT04647110,NULL,
NCT00891579,Progression-free,C0242792
NCT00111839,NULL,
NCT00216203,Relapse,C0035020
NCT00528281,NULL,
NCT00370292,NULL,
NCT03366064,NULL,
NCT02426658,NULL,
NCT00227565,NULL,
NCT01700400,Progression-free,C0242792
NCT00234052,NULL,
NCT00268489,Progression-free,C0242792
NCT00434174,NULL,
NCT00226577,NULL,
NCT00744900,NULL,
NCT00022646,NULL,
NCT00095199,Progressive Non Small Cell Lung Cancer,N/A
NCT00191191,NULL,
NCT00372788,Progression-free,C0242792
NCT00529100,NULL,
NCT01126736,Progression-free,C0242792
NCT00741221,NULL,
NCT00871403,NULL,
NCT00350792,NULL,
NCT00982111,NULL,
NCT00301808,No disease progression,C0242792
NCT00387322,Relapse,C0035020
NCT01837329,NULL,
NCT00942825,NULL,
NCT00191308,NULL,
NCT01000480,Progression-free,C0242792
NCT00530621,Progression-free,C0242792
NCT00660816,Progression-free,C0242792
NCT00454194,Progression-free,C0242792
NCT00407550,Relapse,C0242792
NCT00117962,NULL,
NCT00614822,NULL,
NCT00988858,NULL,
NCT00906282,NULL,
NCT00497315,NULL,
NCT00410904,Relapsed Non Small Cell Lung Cancer,N/A
NCT00191750,Relapse,C0035020
NCT01784640,Relapse,C0242792
NCT02259582,Progression-free,C0242792
NCT00440414,NULL,
NCT00363415,NULL,
NCT01723800,Progression-free,C0242792
NCT01189968,Progression-free,C0242792
NCT00380718,NULL,
NCT00550173,NULL,
NCT00482014,Progression-free,C0242792
NCT01020786,NULL,
NCT00508144,NULL,
NCT00976456,Progression-free,C0242792
NCT00269152,NULL,
NCT00798603,NULL,
NCT00698815,Progression-free,C0242792
NCT01473563,Progression-free,C0242792
NCT01139775,NULL,
NCT00248495,NULL,
NCT02185690,NULL,
NCT00745875,NULL,
NCT00497770,NULL,
NCT00606021,NULL,
NCT01442909,NULL,
NCT03366766,NULL,
NCT00799240,NULL,
NCT00517595,NULL,
NCT02657434,Progression-free,C0242792
NCT00749346,NULL,
NCT00771953,NULL,
NCT00193414,NULL,
NCT01232452,NULL,
NCT00789373,NULL,
NCT00391274,NULL,
NCT01116219,Progression,C0242656
NCT00533429,NULL,
NCT00520676,NULL,
NCT00061451,NULL,
NCT00078260,NULL,
NCT00102804,Progression-free,C0242792
NCT00297089,NULL,
NCT00389805,NULL,
NCT01323062,NULL,
NCT01204307,NULL,
NCT01165021,NULL,
NCT00867009,Progression-free,C0242792
NCT01705184,No disease progression,C0242792
NCT00409006,NULL,
NCT00961415,Progression-free,C0242792
NCT01344824,NULL,
NCT00932893,NULL,
NCT00308750,NULL,
NCT00950365,Progression-free,C0242792
NCT02409342,Progression-free,C0242792
NCT00609518,NULL,
NCT01042288,NULL,
NCT00898820,NULL,
NCT02578680,Progression-free,C0242792
NCT00343720,NULL,
NCT03950674,Progression-free,C0242792
NCT00418886,NULL,
NCT01783834,Progression-free,C0242792
NCT00316225,NULL,
NCT04012619,NULL,
NCT01664754,NULL,
NCT01017874,NULL,
NCT01639001,Progression-free,C0242792
NCT00330044,NULL,
NCT00087711,Progression-free,C0242792
NCT00402051,NULL,
NCT00506051,NULL,
NCT03256136,NULL,
NCT00071136,NULL,
NCT02309892,Relapse,C0035020
NCT03101579,Relapse,C0035020
NCT01005680,NULL,
NCT01531790,No disease progression,C0242792
NCT01004601,NULL,
NCT01194453,NULL,
NCT01829113,NULL,
NCT00887549,NULL,
NCT03526900,NULL,
NCT00768755,NULL,
NCT01631136,NULL,
NCT00940069,NULL,
NCT01193959,NULL,
NCT00349089,NULL,
NCT00994097,NULL,
NCT02337530,NULL,
NCT00684099,NULL,
NCT00227019,Progression-free,C0242792
NCT01666977,NULL,
NCT02535325,Progression-free,C0242792
NCT00190840,NULL,
NCT01469000,Progression-free,C0242792
NCT00227539,NULL,
NCT00456261,NULL,
NCT00540241,NULL,
NCT00892710,NULL,
NCT00408226,NULL,
NCT01664533,NULL,
NCT00061464,NULL,
NCT00489983,NULL,
NCT04843007,NULL,
NCT03655834,NULL,
NCT00051493,NULL,
NCT00103831,Relapse,C0035020
NCT02182102,NULL,
NCT01154140,NULL,
NCT00614965,NULL,
NCT01565538,Progression-free,C0242792
NCT01185847,Chemotherapy Alone,N/A
NCT02211833,Relapse,C0035020
NCT03607149,NULL,
NCT01336842,NULL,
NCT03664024,NULL,
NCT03663205,NULL,
NCT01588704,NULL,
NCT01443078,NULL,
NCT03472053,NULL,
NCT00556322,Progression-free,C0242792
NCT01296113,NULL,
NCT02964689,NULL,
NCT01263782,NULL,
NCT00447057,NULL,
NCT01708993,Relapse,C0035020
NCT00251524,NULL,
NCT01160744,Progression-free,C0242792
NCT01102231,NULL,
NCT02639091,NULL,
NCT00284778,NULL,
NCT01544179,Progression,C0242656
NCT01781988,NULL,
NCT00095225,Recurrent NSCLC,N/A
NCT01395758,Progression-free,C0242792
NCT01004250,NULL,
NCT00051506,NULL,
NCT03607539,NULL,
NCT00835471,NULL,
NCT04507217,NULL,
NCT02439450,NULL,
NCT03537833,NULL,
NCT02603003,NULL,
NCT01958372,NULL,
NCT02900742,NULL,
NCT01059552,NULL,
NCT00577707,Progression-free,C0242792
NCT03380871,Relapse,C0035020
NCT03513666,Progression on EGFR,C0242656
NCT00703976,Relapse,C0035020
NCT00743379,NULL,
NCT00619424,NULL,
NCT03134872,NULL,
NCT02864251,Progression-free,C0242792
NCT01351415,No disease progression,C0242792
NCT01257139,NULL,
NCT02679443,NULL,
NCT00034606,NULL,
NCT00824408,Progression-free,C0242792
NCT01063283,NULL,
NCT00560573,NULL,
NCT01769066,NULL,
NCT05908799,NULL,
NCT00806819,Progression-free,C0242792
NCT01809210,NULL,
NCT02498860,NULL,
NCT04452214,NULL,
NCT01454934,NULL,
NCT02347917,NULL,
NCT03544814,Gradual Progression,C0242656
NCT00528619,NULL,
NCT02049060,NULL,
NCT01982955,Progression-free,C0242792
NCT03083808,NULL,
NCT02129699,NULL,
NCT02120807,Progression-free,C0242792
NCT00315861,NULL,
NCT02723578,NULL,
NCT01590160,Relapse,C0035020
NCT03507244,NULL,
NCT02079636,Progression-free,C0242792
NCT01172028,NULL,
NCT00916630,Relapse,C0035020
NCT01719536,Progression-free,C0242792
NCT01490437,NULL,
NCT02148380,NULL,
NCT01003964,NULL,
NCT01655225,NULL,
NCT03562871,NULL,
NCT00860015,NULL,
NCT00775385,NULL,
NCT01067794,NULL,
NCT03353675,Progression-free,C0242792
NCT02045446,Progression-free,C0242792
NCT03304093,NULL,
NCT00703638,Progression-free,C0242792
NCT02980991,Neoadjuvant Setting,N/A
NCT01951586,NULL,
NCT00005636,NULL,
NCT02308020,Progression-free,C0242792
NCT03922997,NULL,
NCT02848651,Progression-free,C0242792
NCT02008227,Progression-free,C0242792
NCT02031458,Progression-free,C0242792
NCT01903993,Progression-free,C0242792
NCT04636762,Progression-free,C0242792
NCT03014648,NULL,
NCT03559647,Relapse,C0035020
NCT01846416,Progression-free,C0242792
NCT02994576,NULL,
NCT03801304,Progression-free,C0242792
NCT02763579,Progression-free,C0242792
NCT03438318,NULL,
NCT05055999,NULL,
NCT05055908,NULL,
NCT05055947,NULL,
NCT04028050,Progression-free,C0242792
NCT03023423,Relapse,C0035020
NCT02463994,Progression-free,C0242792
NCT04059887,NULL,
NCT03645330,NULL,
NCT04426825,NULL,
NCT03059667,NULL,
NCT03285763,Progression-free,C0242792
NCT04920981,NULL,
NCT02813785,Relapse,C0035020
NCT06049966,NULL,
NCT03321695,Progression-free,C0242792
NCT03790397,Progression-free,C0242792
NCT03911219,Progression-free,C0242792
NCT02825940,NULL,
NCT02666105,NULL,
NCT02174172,NULL,
NCT03526887,NULL,
NCT03232593,NULL,
NCT03926260,NULL,
NCT03035890,NULL,
NCT02523469,Relapse,C0035020
NCT02876510,NULL,
NCT02403271,Relapsed Solid Tumors,N/A
NCT02054052,NULL,
NCT00217282,NULL,
NCT00698516,Relapse,C0035020
NCT00193375,Relapse,C0035020
NCT02803203,Relapse,C0035020
NCT00930891,NULL,
NCT00741195,NULL,
NCT00755170,Progression-free,C0242792
NCT00403403,Progression-free,C0242792
NCT00356122,NULL,
NCT00541099,Progression-free,C0242792
NCT00451906,Progression-free,C0242792
NCT00675597,Progression-free,C0242792
NCT00323869,NULL,
NCT00970684,Progression-free,C0242792
NCT01562028,NULL,
NCT00425646,Progression-free,C0242792
NCT00309998,Progression-free,C0242792
NCT00118235,NULL,
NCT00387699,Progression-free,C0242792
NCT00365547,Relapse,C0242792
NCT00367601,NULL,
NCT00445848,NULL,
NCT00079040,NULL,
NCT00130780,No disease progression,C0242792
NCT04345146,NULL,
NCT01661790,NULL,
NCT00354549,Progression-free,C0242792
NCT02959749,Progression-free,C0242792
NCT02596958,Relapse,C0035020
NCT00130728,NULL,
NCT00661778,Progression-free,C0242792
NCT00553800,NULL,
NCT00741988,NULL,
NCT01934465,NULL,
NCT01047059,NULL,
NCT00308529,NULL,
NCT00633529,NULL,
NCT01262820,Progression,C0242656
NCT00773188,No disease progression,C0242792
NCT00257608,Progression-free,C0242792
NCT02316327,NULL,
NCT03170284,NULL,
NCT01995188,NULL,
NCT00250978,NULL,
NCT01532089,Progression-free,C0242792
NCT04257864,NULL,
NCT00294931,NULL,
NCT01077713,NULL,
NCT01137968,NULL,
NCT00621049,Relapse,C0035020
NCT01333007,NULL,
NCT00436332,NULL,
NCT00585377,NULL,
NCT00400803,Progression-free,C0242792
NCT00620971,Progression-free,C0242792
NCT00101348,NULL,
NCT01358942,NULL,
NCT00776698,Progression-free,C0242792
NCT00708448,NULL,
NCT01368848,NULL,
NCT01893268,NULL,
NCT01963351,Progression-free,C0242792
NCT00806923,NULL,
NCT01343914,Long PFS,N/A
NCT00536640,Progression-free,C0242792
NCT02745691,NULL,
NCT01598597,NULL,
NCT02835833,NULL,
NCT00388206,Progression-free,C0242792
NCT00043823,NULL,
NCT01827852,NULL,
NCT05110118,NULL,
NCT00734890,NULL,
NCT00588666,NULL,
NCT00923936,NULL,
NCT03959137,NULL,
NCT00973557,NULL,
NCT01931098,Relapse,C0035020
NCT03321513,NULL,
NCT05476341,NULL,
NCT02272413,Progression-free,C0242792
NCT01588184,NULL,
NCT00027703,NULL,
NCT02737501,Progression-free,C0242792
NCT02094573,Relapse,C0035020
NCT03410108,NULL,
NCT04718012,NULL,
NCT04887519,NULL,
NCT03420742,NULL,
NCT01449461,Progression-free,C0242792
NCT00469898,Progression-free,C0242792
NCT01004731,NULL,
NCT00883675,Relapse,C0035020
NCT00280735,NULL,
NCT00387660,Relapse,C0242792
NCT01331525,NULL,
NCT00061919,Relapse/Progression,N/A
NCT02499770,Progression-free,C0242792
NCT01082549,Progression-free,C0242792
NCT00683904,NULL,
NCT00074204,Progression-free,C0242792
NCT00737867,NULL,
NCT00104793,NULL,
NCT00874419,NULL,
NCT00881296,NULL,
NCT00326599,Progression-free,C0242792
NCT00912392,NULL,
NCT00004096,NULL,
NCT00430651,Relapse,C0035020
NCT00042978,Relapse/Progression,N/A
,,N/A
NCT01076504,Relapse,C0035020
NCT00097214,NULL,
NCT00072527,NULL,
NCT00449020,NULL,
NCT02289690,Progression-free,C0242792
NCT00927875,Relapse,C0035020
NCT00075751,NULL,
NCT00695292,NULL,
NCT00316186,NULL,
NCT00004201,NULL,
NCT04902885,NULL,
NCT00682981,NULL,
NCT00856830,Relapse,C0035020
NCT00041054,Relapse,C0242792
NCT00240097,NULL,
NCT00247416,NULL,
NCT01987232,NULL,
NCT00647426,NULL,
NCT01466647,NULL,
NCT03066778,Progression-free,C0242792
NCT00433498,Relapse,C0242792
NCT01683682,NULL,
NCT00190710,NULL,
NCT00305942,Relapse,C0035020
NCT01652820,NULL,
NCT00070486,NULL,
NCT00017251,NULL,
NCT00826852,NULL,
NCT00042679,NULL,
NCT00717938,NULL,
NCT00599755,NULL,
NCT00041314,Relapse,C0035020
NCT00094822,NULL,
NCT00321334,NULL,
NCT01439568,NULL,
NCT00025272,NULL,
NCT00687297,NULL,
NCT00028925,Relapse,C0242792
NCT00463515,NULL,
NCT00052338,Relapse,C0242792
NCT00453154,Progression-free,C0242792
NCT00251498,NULL,
NCT00025285,Relapse,C0242792
NCT00193349,Relapse,C0035020
NCT00516022,NULL,
NCT00423449,NULL,
NCT00870870,NULL,
NCT05026593,NULL,
NCT01266512,NULL,
NCT01450761,Progression-free,C0242792
NCT00258739,NULL,
NCT00212043,NULL,
NCT00132665,NULL,
NCT00002822,Relapse,C0035020
NCT00887783,NULL,
NCT00791154,NULL,
NCT00883779,Progression-free,C0242792
NCT00193427,NULL,
NCT00264498,NULL,
NCT00153803,Progression-free,C0035020
NCT00499109,Relapse,C0035020
NCT01648517,NULL,
NCT00600587,NULL,
NCT00446225,NULL,
NCT00004186,NULL,
NCT00401609,NULL,
NCT00215930,NULL,
NCT04449861,NULL,
NCT00138658,NULL,
NCT00049218,Relapse,C0242792
NCT00191230,NULL,
NCT00413283,NULL,
NCT00002623,NULL,
NCT00695994,NULL,
NCT04712903,Progression-free,C0242792
NCT04870112,NULL,
NCT00086268,NULL,
NCT02175381,NULL,
NCT01998919,Progression-free,C0242792
NCT00759824,Relapse,C0035020
NCT00606502,Relapse,C0035020
NCT00068289,Relapse,C0242792
NCT03717155,NULL,
NCT00003860,Relapse,C0035020
NCT02945852,NULL,
NCT02292550,NULL,
NCT02299505,NULL,
NCT01772797,NULL,
NCT01685138,NULL,
NCT02040870,NULL,
NCT02276027,NULL,
NCT01685060,Relapse,C0035020
NCT02336451,Progression-free,C0242792
NCT02422589,NULL,
NCT02605746,NULL,
NCT01712217,NULL,
NCT01300429,NULL,
NCT01579994,NULL,
NCT03088930,NULL,
NCT00965731,Progression-free,C0242792
NCT00932451,NULL,
NCT01121575,NULL,
NCT01998126,NULL,
NCT01970865,Progression-free,C0242792
NCT02183870,NULL,
NCT01945021,NULL,
NCT02679170,NULL,
NCT03718117,NULL,
NCT01597258,NULL,
NCT05014464,NULL,
NCT02727335,NULL,
NCT02372448,NULL,
NCT05792644,NULL,
NCT01744652,NULL,
NCT00585195,NULL,
NCT01752400,NULL,
NCT02718651,NULL,
NCT02042105,NULL,
NCT01703091,Progression-free,C0242792
NCT02789345,Progression-free,C0242792
NCT01168973,Relapse,C0035020
NCT02443324,Progression-free,C0242792
NCT02572687,NULL,
NCT05800418,NULL,
NCT02082210,NULL,
NCT04775095,NULL,
NCT01336634,Progression-free,C0242792
NCT03755102,Disease Progression,C0242656
NCT04511533,NULL,
NCT01858389,NULL,
NCT01360554,NULL,
NCT00769067,Progression,C0242656
NCT01774721,NULL,
NCT01000025,NULL,
NCT01465802,Progression-free,C0242792
NCT00553254,NULL,
NCT00548093,NULL,
NCT00818441,NULL,
NCT00728390,NULL,
NCT01608022,Relapse,C0035020
NCT00030407,Relapse,C0242792
NCT00260026,NULL,
NCT00103389,Progression-free,C0242792
NCT00075374,NULL,
NCT03798743,NULL,
NCT00030420,Relapse,C0242792
NCT01362400,NULL,
NCT02658747,NULL,
NCT00582634,NULL,
NCT00995761,NULL,
NCT01824901,Relapse,C0242792
NCT00003900,Relapse,C0242792
NCT01107444,Progression-free,C0242792
NCT03394105,NULL,
NCT00064012,Relapsed,C0035020
NCT00193453,NULL,
NCT03095612,NULL,
NCT00003762,NULL,
NCT02358473,NULL,
NCT00532155,Progression-free,C0242792
NCT02364362,NULL,
NCT00231465,NULL,
NCT00405951,Relapse,C0035020
NCT01138163,Relapse,C0035020
NCT01905657,Progression-free,C0242792
NCT00278460,Relapse,C0242792
NCT00312377,NULL,
NCT01642004,Relapse,C0035020
NCT00544960,Relapsed,C0035020
NCT00222144,Relapse,C0035020
NCT00114192,Relapse,C0242792
NCT01350817,NULL,
NCT02531737,Relapse,C0035020
NCT00201825,NULL,
NCT00005868,NULL,
NCT00281970,NULL,
NCT00004139,NULL,
NCT01362296,NULL,
NCT00132639,NULL,
NCT00390429,NULL,
NCT00227708,Relapse,C0035020
NCT00173888,Progression-free,C0242792
NCT02283320,NULL,
NCT00080080,NULL,
NCT00062439,NULL,
NCT00148291,NULL,
NCT01750281,NULL,
NCT00434668,NULL,
NCT00193245,Relapse,C0035020
NCT01951157,Relapse,C0035020
NCT00293085,NULL,
NCT00441922,NULL,
NCT01083589,NULL,
NCT00026156,NULL,
NCT00193323,NULL,
NCT00840125,NULL,
NCT02450539,NULL,
NCT00630110,NULL,
NCT00362882,Progressive,N/A
NCT00310154,Progression-free,C0242792
NCT00065182,Relapse,C0035020
NCT00425191,NULL,
NCT00040885,NULL,
NCT00074022,Relapse,C0242792
NCT04144582,NULL,
NCT01671332,NULL,
NCT00073385,NULL,
NCT00066768,NULL,
NCT00076388,NULL,
NCT01999673,Progression-free,C0242792
NCT00876460,NULL,
NCT03371550,NULL,
NCT02864394,Progression-free,C0242792
NCT02574598,Relapse,C0035020
NCT00931008,NULL,
NCT00441740,NULL,
NCT00191139,NULL,
NCT01673867,Progression-free,C0242792
NCT02395172,NULL,
NCT01652469,Progression-free,C0242792
NCT01577654,Progression-free,C0242792
NCT00118183,NULL,
NCT00077311,Relapse,C0242792
NCT02179671,Progression-free,C0242792
NCT00102505,Relapse,C0035020
NCT02300298,Relapse,C0035020
NCT00418704,NULL,
NCT03449901,Progression-free,C0242792
NCT00819728,NULL,
NCT01605916,NULL,
NCT03647488,NULL,
NCT01207011,NULL,
NCT00003037,NULL,
NCT00139711,Relapse,C0035020
NCT00771563,NULL,
NCT00050674,NULL,
NCT00132379,NULL,
NCT00327288,NULL,
NCT00073866,NULL,
NCT00047801,NULL,
NCT01222312,NULL,
NCT00890825,NULL,
NCT00097851,NULL,
NCT02504489,NULL,
NCT00051974,NULL,
NCT01059188,NULL,
NCT00059943,NULL,
NCT00712504,Progression-free,C0242792
NCT00805194,Progression-free,C0242792
NCT00085826,NULL,
NCT01204697,Progression-free,C0242792
NCT00326378,NULL,
NCT01792479,NULL,
NCT00066885,NULL,
NCT03150875,Progression-free,C0242792
NCT01557959,NULL,
NCT00049998,NULL,
NCT00174772,NULL,
NCT00167401,NULL,
NCT00252707,NULL,
NCT00086333,NULL,
NCT02965378,Relapse,C0242792
NCT02785939,Relapse,C0242792
NCT00174629,NULL,
NCT00319514,NULL,
NCT00424853,NULL,
NCT00191490,NULL,
NCT00256789,NULL,
NCT02364804,NULL,
NCT00478049,Progression-free,C0242792
NCT01038661,NULL,
NCT02577341,Relapse,C0035020
NCT00945451,NULL,
NCT02766335,Relapse,C0242792
NCT01497925,NULL,
NCT00051571,NULL,
NCT00047840,NULL,
NCT00673738,NULL,
NCT00963807,NULL,
NCT00020709,Progression-free,C0242792
NCT00850785,NULL,
NCT00622349,NULL,
NCT02972216,NULL,
NCT00003231,NULL,
NCT03547804,NULL,
NCT00062270,NULL,
NCT00406302,NULL,
NCT00072618,NULL,
NCT01240447,NULL,
NCT00432315,NULL,
NCT00478699,NULL,
NCT01204099,NULL,
NCT03017885,NULL,
NCT02088515,NULL,
NCT00030810,NULL,
NCT00682383,NULL,
NCT00295672,NULL,
NCT00985855,NULL,
NCT05553808,NULL,
NCT00069160,NULL,
NCT00883480,NULL,
NCT01561456,NULL,
NCT02573506,NULL,
NCT00003565,NULL,
NCT01614002,NULL,
NCT00002901,NULL,
NCT01015963,NULL,
NCT03900117,NULL,
NCT02740985,NULL,
NCT00092001,NULL,
NCT00880334,Metastatic TCC,N/A
NCT00183794,Relapse,C0035020
NCT00067548,NULL,
NCT00183872,Progression,C0242656
NCT00533533,NULL,
NCT00183742,NULL,
NCT00257348,Relapse,C0035020
NCT01780181,NULL,
NCT04345900,NULL,
NCT03102606,Progression-free,C0242792
NCT05137067,NULL,
NCT00471432,Relapse,C0242792
NCT02154490,Relapse,C0242792
NCT00509457,NULL,
NCT01852578,Relapsed Metastatic,N/A
NCT00120939,NULL,
NCT00014456,NULL,
NCT00080041,NULL,
NCT03659578,NULL,
NCT00049296,NULL,
NCT03358563,NULL,
NCT04713462,NULL,
NCT00003103,NULL,
NCT00096707,NULL,
NCT02671422,NULL,
NCT02595450,NULL,
NCT01101334,Progression-free,C0242792
NCT00462995,NULL,
NCT00547105,Relapse,C0242792
NCT00416650,NULL,
NCT00275132,NULL,
NCT01967095,NULL,
NCT00370383,NULL,
NCT01211483,NULL,
NCT00702182,NULL,
NCT00854308,Progression-free,C0242792
NCT00590902,NULL,
NCT00826449,NULL,
NCT00408499,NULL,
NCT00283244,NULL,
NCT00391248,NULL,
NCT00137800,NULL,
NCT01667562,Progression-free,C0242792
NCT00100854,Progression-free,C0242792
NCT02424617,NULL,
NCT01487265,Progression-free,C0242792
NCT01911507,NULL,
NCT00855894,Relapsed,"C0205336, C0035020"
NCT00072631,NULL,
NCT01230710,No disease progression,C0242792
NCT01027598,Relapse,C0035020
NCT00453362,NULL,
NCT01342965,Progression-free,C0242792
NCT01260181,NULL,
NCT00602433,NULL,
NCT00777309,Progression-free,C0242792
NCT00085280,Progression-free,C0242792
NCT02013206,NULL,
NCT01287754,Progression-free,C0242792
NCT00452413,NULL,
NCT01069757,NULL,
NCT00536861,NULL,
NCT00871923,Progression-free,C0242792
NCT01456325,Progression-free,C0242792
NCT01836133,Progression-free,C0242792
NCT01866410,Progression-free,C0242792
NCT00411632,NULL,
NCT00585533,NULL,
NCT01302808,Relapse,C0242792
NCT00701558,NULL,
NCT00997334,NULL,
NCT00609804,Progression,C0242656
NCT01104155,Relapse,C0035020
NCT00816868,NULL,
NCT00778167,Progression-free,C0242792
NCT00125372,NULL,
NCT00088959,NULL,
NCT00600015,Progression-free,C0242792
NCT01199068, NULL,N/A
NCT00373425,Progression-free,C0242792
NCT00062101,Relapse,C0242792
NCT01378962,Relapse,C0035020
NCT00949910,NULL,
NCT00072072,NULL,
NCT00349219,Progression-free,C0242792
NCT00673569,Relapse,C0242792
NCT00596648,NULL,
NCT01839955,NULL,
NCT01545947,NULL,
NCT00581789,NULL,
NCT00444015,Relapse,C0035020
NCT01378598,NULL,
NCT01068587,Progression-free,C0242792
NCT00125359,NULL,
NCT01887886,Progression-free,C0242792
NCT02133508,NULL,
NCT01229150,NULL,
NCT00518011,NULL,
NCT01196078,NULL,
NCT00265317,NULL,
NCT01522833,NULL,
NCT01161173,NULL,
NCT00364351,NULL,
NCT00888511,NULL,
NCT00419042,NULL,
NCT00091663,NULL,
NCT02031744,Progression-free,C0242792
NCT00200395,NULL,
NCT01328951,Disease Progression,C0242656
NCT01250119,NULL,
NCT00499655,Progression-free,C0242792
NCT00983307,NULL,
NCT02507375,Progression-free,C0242792
NCT00994123,NULL,
NCT01310036,Progression-free,C0242792
NCT01294306,Progression,C0242656
NCT00087412,NULL,
NCT01859026,NULL,
NCT01153984,NULL,
NCT00567359,NULL,
NCT00456833,NULL,
NCT01123460,NULL,
NCT00652340,NULL,
NCT01221077,Progression-free,C0242792
NCT00654420,NULL,
NCT00321815,NULL,
NCT00473083,NULL,
NCT01183858,NULL,
NCT01251796,NULL,
NCT00531934,NULL,
NCT00570401,Relapse,C0242792
NCT00457392,NULL,
NCT00410059,NULL,
NCT01259089,Relapse,C0242792
NCT01996332,NULL,
NCT00036647,NULL,
NCT00230126,NULL,
NCT01130753,NULL,
NCT01580735,NULL,
NCT00569114,NULL,
NCT00717847,NULL,
NCT01372384,NULL,
NCT00300586,NULL,
NCT00294736,NULL,
NCT00305617,NULL,
NCT01174563,NULL,
NCT01194050,NULL,
NCT02000531,Progression-free,C0242792
NCT01535729,NULL,
NCT00385996,NULL,
NCT02774278,NULL,
NCT01488331,NULL,
NCT00556712,Relapse,C0035020
NCT00615758,NULL,
NCT01233687,NULL,
NCT01723878,NULL,
NCT00897533,Progression-free,C0242792
NCT00729742,NULL,
NCT01721252,NULL,
NCT01951755,NULL,
NCT01659970,NULL,
NCT01066884,NULL,
NCT00063895,NULL,
NCT01167244,Relapse,C0035020
NCT00777699,NULL,
NCT02155465,Relapse,C0035020
NCT01887795,NULL,
NCT02450591,NULL,
NCT01024413,NULL,
NCT01594398,NULL,
NCT00397384,NULL,
NCT00779389,NULL,
NCT01556191,NULL,
NCT01248247,NULL,
NCT01790217,NULL,
NCT02942095,NULL,
NCT00718315,NULL,
NCT00602030,Progression-free,C0242792
NCT01900652,NULL,
NCT00642473,NULL,
NCT01609543,Progression-free,C0242792
NCT00975182,NULL,
NCT00692640,NULL,
NCT00732810,NULL,
NCT01573702,Progression-free,C0242792
NCT01512420,NULL,
NCT00522145,Progression,C0242656
NCT00966472,NULL,
NCT00137839,NULL,
NCT00738751,NULL,
NCT01416688,NULL,
NCT00716456,Relapse,C0035020
NCT01402089,NULL,
NCT01217619,NULL,
NCT00743938,NULL,
NCT01523340,NULL,
NCT01593995,NULL,
NCT03653546,NULL,
NCT01186861,No disease progression,C0242792
NCT03595644,NULL,
NCT00284141,Progression-free,C0242792
NCT04145570,NULL,
NCT00266877,NULL,
NCT01610336,Progressed,C1272688
NCT01023828,NULL,
NCT02157883,NULL,
NCT00977548,NULL,
NCT03076164,Progression-free,C0242792
NCT00579683,NULL,
NCT00910676,NULL,
NCT02759835,NULL,
NCT00955149,NULL,
NCT01570296,NULL,
NCT01514877,Progression-free,C0242792
NCT00124280,NULL,
NCT05934461,NULL,
NCT01287546,NULL,
NCT00030498,NULL,
NCT02043002,NULL,
NCT02889692,NULL,
NCT02293733,NULL,
NCT01854034,NULL,
NCT00039182,NULL,
NCT00739453,NULL,
NCT02040064,Relapse,C0035020
NCT00374140,NULL,
NCT00096486,NULL,
NCT01427946,NULL,
NCT01563354,Progression-free,C0242792
NCT00933777,NULL,
NCT00955773,NULL,
NCT00401778,NULL,
NCT01470209,NULL,
NCT01061788,Progression-free,C0242792
NCT02890069,NULL,
NCT01349296,NULL,
NCT00655655,Progression-free,C0242792
NCT01978171,NULL,
NCT00770120,NULL,
NCT01524783,Progression-free,C0242792
NCT05255133,NULL,
NCT01324492,NULL,
NCT01024946,NULL,
NCT00372515,NULL,
NCT00173875,NULL,
NCT02804776,NULL,
NCT00452244,NULL,
NCT00411047,Progression-free,C0242792
NCT00068653,NULL,
NCT01513174,NULL,
NCT01037998,NULL,
NCT00217698,NULL,
NCT00068497,NULL,
NCT03157310,NULL,
NCT00193336,NULL,
NCT01498562,NULL,
NCT00328562,NULL,
NCT00255489,NULL,
NCT00188617,NULL,
NCT00162318,NULL,
NCT00049543,NULL,
NCT00103051,NULL,
NCT01130961,NULL,
NCT00298688,Relapse,C0035020
NCT00144066,NULL,
NCT01039948,NULL,
NCT00080340,Relapse,C0035020
NCT00238251,Progression-free,C0242792
NCT02976116,NULL,
NCT02088112,NULL,
NCT00029003,NULL,
NCT01040780,NULL,
NCT01530334,Relapse,C0035020
NCT00824746,Relapse,C0035020
NCT00238628,Relapse,C0035020
NCT02374645,NULL,
NCT00588445,NULL,
NCT02025114,Progression-free,C0242792
NCT00034879,NULL,
NCT00357734,NULL,
NCT00256711,NULL,
NCT01017679,NULL,
NCT01818947,NULL,
NCT02740894,NULL,
NCT01864681,NULL,
NCT01203917,NULL,
NCT00333294,NULL,
NCT00807066,NULL,
NCT01000740,NULL,
NCT00455936,Progression-free,C0242792
NCT01448187,NULL,
NCT01933347,NULL,
NCT01833572,NULL,
NCT00344773,NULL,
NCT00608868,NULL,
NCT00259064,NULL,
NCT01103089,NULL,
NCT00252759,NULL,
NCT00059722,NULL,
NCT00820417,NULL,
NCT00198380,NULL,
NCT00898924,NULL,
NCT00025207,NULL,
NCT02475720,NULL,
NCT00016367,Relapse,C0242792
NCT00191763,NULL,
NCT01797913,NULL,
NCT00003202,Progression-free,C0242792
NCT00192036,NULL,
NCT00154739,NULL,
NCT01844791,NULL,
NCT01788566,NULL,
NCT00064064,NULL,
NCT00077350,NULL,
NCT00055757,Relapse,C0242792
NCT00005093,NULL,
NCT00112346,NULL,
NCT00077415,Relapse,C0242792
NCT00753714,Progression-free,C0242792
NCT01086254,NULL,
NCT01633645,Relapse,C0035020
NCT00449033,Progression-free,C0242792
NCT01763788,Progression-free,C0242792
NCT00005972,Relapse,C0242792
NCT00330746,NULL,
NCT00191620,NULL,
NCT00489996,NULL,
NCT00305786,NULL,
NCT00057798,NULL,
NCT00182806,Progressive Stage,C0242656
NCT00735904,NULL,
NCT00401492,NULL,
NCT00496275,Progression-free,C0242792
NCT00069875,NULL,
NCT00191126,NULL,
NCT00004199,Relapse,C0035020
NCT00792701,NULL,
NCT00283478,NULL,
NCT00030433,Relapse,C0242792
NCT01810367,NULL,
NCT00034268,Progression-free,C0242792
NCT00490659,NULL,
NCT01631357,NULL,
NCT00385606,NULL,
NCT00005850,Relapse,C0035020
NCT00193921,NULL,
NCT00678977,NULL,
NCT00191841,NULL,
NCT00842712,Progression-free,C0242792
NCT03629925,Progression-free,C0242792
NCT00271271,NULL,
NCT02449122,NULL,
NCT01243632,NULL,
NCT00003744,NULL,
NCT00004095,NULL,
NCT00620295,NULL,
NCT01324258,NULL,
NCT00733850,NULL,
NCT00350961,NULL,
NCT00415818,NULL,
NCT00522886,NULL,
NCT00019513,Relapse,C0242792
NCT04487457,NULL,
NCT00148395,NULL,
NCT00343408,Progression-free,C0242792
NCT01606748,NULL,
NCT02991482,Progression-free,C0035020
NCT00003723,NULL,
NCT00017186,NULL,
NCT01352962,NULL,
NCT02797977,NULL,
NCT02240238,NULL,
NCT03102320,NULL,
NCT01325558,NULL,
NCT01737502,NULL,
NCT00068549,NULL,
NCT03693300,NULL,
NCT05933044,NULL,
NCT04667312,NULL,
NCT03373760,Relapse,C0242792
NCT02898116,NULL,
NCT03818776,NULL,
NCT02879617,NULL,
NCT03853187,NULL,
NCT02701400,Relapse,C0242792
NCT02904954,NULL,
NCT03794544,NULL,
NCT02000947,NULL,
NCT03085849,NULL,
NCT04285866,NULL,
NCT03164772,NULL,
NCT02454933,Progression-free,C0242792
NCT04884269,NULL,
NCT04854590,NULL,
NCT03095274,Progression-free,C0242792
NCT03643484,Relapse,C0035020
NCT03094286,NULL,
NCT03732664,NULL,
NCT05792995,NULL,
NCT04545658,NULL,
NCT02318277,Progression-free,C0242792
NCT02658214,NULL,
NCT02586987,Progression-free,C0242792
NCT01693562,NULL,
NCT03217071,NULL,
NCT05226728,NULL,
NCT03322540,Progression-free,C0242792
NCT02007070,Progression-free,C0242792
NCT02835690,Progression-free,C0242792
NCT02879994,NULL,
NCT02879760,Progression-free,C0242792
NCT02575404,NULL,
NCT03371979,NULL,
NCT03197467,Relapse,C0035020
NCT02840994,NULL,
NCT02760225,NULL,
NCT02451930,NULL,
NCT03302234,Progression-free,C0242792
NCT02359019,NULL,
NCT03307759,NULL,
NCT02437136,NULL,
NCT02448303,NULL,
NCT02085070,NULL,
NCT01295827,Progressive,N/A
NCT02492568,NULL,
NCT05023837,NULL,
NCT02475213,Relapse,C0035020
NCT05740501,NULL,
NCT03308942,NULL,
NCT02343952,NULL,
NCT03224871,NULL,
NCT04793815,NULL,
NCT03473925,Progression-free,C0242792
NCT04076228,NULL,
NCT02501096,NULL,
NCT02646748,NULL,
NCT02563548,NULL,
NCT02043665,NULL,
NCT03948763,NULL,
NCT02713529,NULL,
NCT05321212,NULL,
NCT03825510,NULL,
NCT03006887,NULL,
NCT03184571,NULL,
NCT04879316,NULL,
NCT02939651,NULL,
NCT02509507,Relapse,C0035020
NCT03426891,Progression-free,C0242792
NCT03775850,Relapse,C0035020
NCT02938624,NULL,
NCT02122861,Relapse,C0035020
NCT03849469,NULL,
NCT05059951,NULL,
NCT03329950,NULL,
NCT05711914,NULL,
NCT03229278,Progression-free,C0242792
NCT04383938,NULL,
NCT04037462,NULL,
NCT03861793,NULL,
NCT02909452,NULL,
NCT03633110,NULL,
NCT05129462,NULL,
NCT03140137,NULL,
NCT02528357,NULL,
NCT02178722,Progression-free,C0242792
NCT02903914,NULL,
NCT04148937,Progression-free,C0242792
NCT03085914,Progression-free,C0242792
NCT04541706,Relapse,C0035020
NCT05167500,NULL,
NCT03727477,NULL,
NCT04541407,Progressive CNS Disease,C0242656
NCT03704688,NULL,
NCT02900664,NULL,
NCT01938443,Relapse,C0035020
NCT03520842,Relapse,C0242792
NCT05796726,NULL,
NCT05154344,NULL,
NCT02385110,NULL,
NCT01183065,Relapse,C0035020
NCT00215046,NULL,
NCT03839537,NULL,
NCT02648724,NULL,
NCT00051311,NULL,
NCT01188798,NULL,
NCT00003553,Relapse,C0035020
NCT00354393,NULL,
NCT01056614,Relapse,C0035020
NCT01951885,NULL,
NCT00003838,NULL,
NCT02345850,NULL,
NCT00343785,NULL,
NCT03699631,NULL,
NCT00001256,NULL,
NCT00445744,Relapse/Progression,N/A
NCT00860574,Relapse,C0035020
NCT00448201,Relapse,C0035020
NCT01664910,Relapse,C0035020
NCT03652857,NULL,
NCT02709720,NULL,
NCT00008333,NULL,
NCT00165334,NULL,
NCT00870532,NULL,
NCT00002583,NULL,
NCT00005865,NULL,
NCT00287963,Relapse,C0242792
NCT00017459,Relapse,C0242792
NCT03117335,NULL,
NCT02176369,Relapse,C0035020
NCT01124253,NULL,
NCT01109524,NULL,
NCT00148798,Progression-free,C0242792
NCT00253591,NULL,
NCT00309972,Progression-free,C0242792
NCT01839032,NULL,
NCT02619929,NULL,
NCT00683514,Progression-free,C0242792
NCT02497118,NULL,
NCT00890903,NULL,
NCT02555007,NULL,
NCT01029678,NULL,
NCT01118676,NULL,
NCT01684111,NULL,
NCT00540982,NULL,
NCT00014430,Relapse,C0242792
NCT01687439,NULL,
NCT01848613,NULL,
NCT00050973,NULL,
NCT00278070,NULL,
NCT00312819,NULL,
NCT02139904,NULL,
NCT00256815,NULL,
NCT00432562,NULL,
NCT00001944,NULL,
NCT00002823,No disease progression,C0242792
NCT01155258,NULL,
NCT01441752,NULL,
NCT02411591,NULL,
NCT03433534,NULL,
NCT03382496,NULL,
NCT02538666,Progression-free,C0242792
NCT03325816,NULL,
NCT03090737,Progression-free,C0242792
NCT03195491,NULL,
NCT01721759,Relapse,C0035020
NCT03001882,NULL,
NCT02409368,NULL,
NCT02713867,Progression-free,C0242792
NCT03132493,NULL,
NCT03273790,NULL,
NCT02823990,NULL,
NCT02869789,NULL,
NCT02066636,Progression,C0242656
NCT02481830,Relapsed,C0035020
NCT03215810,Relapse,C0035020
NCT02434081,NULL,
NCT03262779,NULL,
NCT03804554,NULL,
NCT02423343,Refractory Solid Tumors,N/A
NCT04858204,NULL,
NCT03123783,NULL,
NCT02897765,Progression-free,C0242792
NCT02954991,NULL,
NCT03468985,Relapse,C0242792
NCT03486119,NULL,
NCT02350764,NULL,
NCT01928576,NULL,
NCT02933346,NULL,
NCT02247349,Relapsed,C0035020
NCT04749602,NULL,
NCT02939300,NULL,
NCT03444766,NULL,
NCT03181308,NULL,
NCT03326752,NULL,
NCT00441337,Relapsed Malignancies,N/A
NCT04507906,Relapse,C0035020
NCT04082988,NULL,
NCT03190174,Progression-free,C0242792
NCT03639714,NULL,
NCT04470440,NULL,
NCT02327078,Progression-free,C0242792
NCT02658890,NULL,
NCT03098550,NULL,
NCT03044626,NULL,
NCT04122625,NULL,
NCT03735628,NULL,
NCT02684253,Progression-free,C0242792
NCT03226756,Relapse,C0035020
NCT04159025,NULL,
NCT03636477,Relapse,C0035020
NCT02973113,Relapsed,C0035020
NCT02526017,NULL,
NCT05041062,NULL,
NCT00730639,Relapse,C0035020
NCT02582125,NULL,
NCT02175017,NULL,
NCT03953235,NULL,
NCT02983045,NULL,
NCT02946671,NULL,
NCT03758781,Relapse,C0035020
NCT03829436,NULL,
NCT03241173,Relapse,C0035020
NCT03434418,NULL,
NCT02769286,NULL,
NCT02228369,NULL,
NCT03455829,Progression-free,C0242792
NCT03853551,NULL,
NCT04479306,Progression-free,C0242792
NCT02163733,NULL,
NCT03810066,NULL,
NCT02317016,NULL,
NCT03858491,NULL,
NCT02474355,Progression-free,C0242792
NCT03450330,NULL,
NCT04546282,NULL,
NCT02841579,Progression-free,C0242792
NCT02197247,NULL,
NCT03457220,NULL,
NCT02908750,NULL,
NCT02777567,NULL,
NCT03137264,NULL,
NCT04959981,NULL,
NCT03463525,NULL,
NCT03485326,NULL,
NCT03219970,NULL,
NCT03133234,NULL,
NCT02997501,NULL,
NCT03446417,NULL,
NCT02224053,NULL,
NCT02491944,NULL,
NCT02529995,NULL,
NCT02756039,NULL,
